game,num_bots,is_bot,win,payoff,is_resistance,role,resistance_win,res_bots,spy_bots,seat
c495a40f,0,False,True,1.0,True,Resistance,True,0,0,-1
c495a40f,0,False,False,-1.5,False,Assassin,True,0,0,-1
c495a40f,0,False,True,1.0,True,Resistance,True,0,0,-1
c495a40f,0,False,True,1.0,True,Merlin,True,0,0,-1
c495a40f,0,False,False,-1.5,False,Spy,True,0,0,-1
9d624931,0,False,True,1.5,False,Assassin,False,0,0,-1
9d624931,0,False,False,-1.0,True,Merlin,False,0,0,-1
9d624931,0,False,True,1.5,False,Spy,False,0,0,-1
9d624931,0,False,False,-1.0,True,Resistance,False,0,0,-1
9d624931,0,False,False,-1.0,True,Resistance,False,0,0,-1
a8abca84,0,False,False,-1.5,False,Assassin,True,0,0,-1
a8abca84,0,False,True,1.0,True,Resistance,True,0,0,-1
a8abca84,0,False,False,-1.5,False,Spy,True,0,0,-1
a8abca84,0,False,True,1.0,True,Resistance,True,0,0,-1
a8abca84,0,False,True,1.0,True,Merlin,True,0,0,-1
690d23d9,0,False,True,1.5,False,Assassin,False,0,0,-1
690d23d9,0,False,True,1.5,False,Spy,False,0,0,-1
690d23d9,0,False,False,-1.0,True,Merlin,False,0,0,-1
690d23d9,0,False,False,-1.0,True,Resistance,False,0,0,-1
690d23d9,0,False,False,-1.0,True,Resistance,False,0,0,-1
077e8690,0,False,False,-1.0,True,Resistance,False,0,0,-1
077e8690,0,False,False,-1.0,True,Merlin,False,0,0,-1
077e8690,0,False,False,-1.0,True,Resistance,False,0,0,-1
077e8690,0,False,True,1.5,False,Spy,False,0,0,-1
077e8690,0,False,True,1.5,False,Assassin,False,0,0,-1
b0f06b37,0,False,False,-1.5,False,Spy,True,0,0,-1
b0f06b37,0,False,False,-1.5,False,Assassin,True,0,0,-1
b0f06b37,0,False,True,1.0,True,Merlin,True,0,0,-1
b0f06b37,0,False,True,1.0,True,Resistance,True,0,0,-1
b0f06b37,0,False,True,1.0,True,Resistance,True,0,0,-1
ae557309,0,False,False,-1.0,True,Resistance,False,0,0,-1
ae557309,0,False,False,-1.0,True,Merlin,False,0,0,-1
ae557309,0,False,False,-1.0,True,Resistance,False,0,0,-1
ae557309,0,False,True,1.5,False,Spy,False,0,0,-1
ae557309,0,False,True,1.5,False,Assassin,False,0,0,-1
d6c22465,0,False,True,1.0,True,Merlin,True,0,0,-1
d6c22465,0,False,False,-1.5,False,Spy,True,0,0,-1
d6c22465,0,False,True,1.0,True,Resistance,True,0,0,-1
d6c22465,0,False,False,-1.5,False,Assassin,True,0,0,-1
d6c22465,0,False,True,1.0,True,Resistance,True,0,0,-1
929337da,0,False,True,1.0,True,Merlin,True,0,0,-1
929337da,0,False,False,-1.5,False,Assassin,True,0,0,-1
929337da,0,False,True,1.0,True,Resistance,True,0,0,-1
929337da,0,False,True,1.0,True,Resistance,True,0,0,-1
929337da,0,False,False,-1.5,False,Spy,True,0,0,-1
29b27152,0,False,True,1.5,False,Spy,False,0,0,-1
29b27152,0,False,False,-1.0,True,Merlin,False,0,0,-1
29b27152,0,False,False,-1.0,True,Resistance,False,0,0,-1
29b27152,0,False,True,1.5,False,Assassin,False,0,0,-1
29b27152,0,False,False,-1.0,True,Resistance,False,0,0,-1
a225562a,0,False,False,-1.0,True,Resistance,False,0,0,-1
a225562a,0,False,True,1.5,False,Assassin,False,0,0,-1
a225562a,0,False,False,-1.0,True,Merlin,False,0,0,-1
a225562a,0,False,False,-1.0,True,Resistance,False,0,0,-1
a225562a,0,False,True,1.5,False,Spy,False,0,0,-1
bd2806c5,0,False,False,-1.0,True,Resistance,False,0,0,-1
bd2806c5,0,False,True,1.5,False,Spy,False,0,0,-1
bd2806c5,0,False,True,1.5,False,Assassin,False,0,0,-1
bd2806c5,0,False,False,-1.0,True,Merlin,False,0,0,-1
bd2806c5,0,False,False,-1.0,True,Resistance,False,0,0,-1
3066ca61,0,False,True,1.5,False,Assassin,False,0,0,-1
3066ca61,0,False,True,1.5,False,Spy,False,0,0,-1
3066ca61,0,False,False,-1.0,True,Resistance,False,0,0,-1
3066ca61,0,False,False,-1.0,True,Merlin,False,0,0,-1
3066ca61,0,False,False,-1.0,True,Resistance,False,0,0,-1
42a5831e,0,False,True,1.0,True,Resistance,True,0,0,-1
42a5831e,0,False,False,-1.5,False,Spy,True,0,0,-1
42a5831e,0,False,True,1.0,True,Merlin,True,0,0,-1
42a5831e,0,False,False,-1.5,False,Assassin,True,0,0,-1
42a5831e,0,False,True,1.0,True,Resistance,True,0,0,-1
cafdc956,0,False,True,1.5,False,Spy,False,0,0,-1
cafdc956,0,False,False,-1.0,True,Resistance,False,0,0,-1
cafdc956,0,False,True,1.5,False,Assassin,False,0,0,-1
cafdc956,0,False,False,-1.0,True,Resistance,False,0,0,-1
cafdc956,0,False,False,-1.0,True,Merlin,False,0,0,-1
c5e3149d,0,False,False,-1.0,True,Merlin,False,0,0,-1
c5e3149d,0,False,False,-1.0,True,Resistance,False,0,0,-1
c5e3149d,0,False,True,1.5,False,Spy,False,0,0,-1
c5e3149d,0,False,True,1.5,False,Assassin,False,0,0,-1
c5e3149d,0,False,False,-1.0,True,Resistance,False,0,0,-1
8cc6732a,0,False,True,1.0,True,Merlin,True,0,0,-1
8cc6732a,0,False,True,1.0,True,Resistance,True,0,0,-1
8cc6732a,0,False,False,-1.5,False,Assassin,True,0,0,-1
8cc6732a,0,False,True,1.0,True,Resistance,True,0,0,-1
8cc6732a,0,False,False,-1.5,False,Spy,True,0,0,-1
1d63ba37,0,False,True,1.0,True,Resistance,True,0,0,-1
1d63ba37,0,False,True,1.0,True,Merlin,True,0,0,-1
1d63ba37,0,False,False,-1.5,False,Spy,True,0,0,-1
1d63ba37,0,False,True,1.0,True,Resistance,True,0,0,-1
1d63ba37,0,False,False,-1.5,False,Assassin,True,0,0,-1
88558862,0,False,True,1.5,False,Spy,False,0,0,-1
88558862,0,False,False,-1.0,True,Resistance,False,0,0,-1
88558862,0,False,False,-1.0,True,Merlin,False,0,0,-1
88558862,0,False,False,-1.0,True,Resistance,False,0,0,-1
88558862,0,False,True,1.5,False,Assassin,False,0,0,-1
14859a50,0,False,False,-1.0,True,Merlin,False,0,0,-1
14859a50,0,False,False,-1.0,True,Resistance,False,0,0,-1
14859a50,0,False,True,1.5,False,Spy,False,0,0,-1
14859a50,0,False,True,1.5,False,Assassin,False,0,0,-1
14859a50,0,False,False,-1.0,True,Resistance,False,0,0,-1
26be9580,0,False,False,-1.0,True,Merlin,False,0,0,-1
26be9580,0,False,False,-1.0,True,Resistance,False,0,0,-1
26be9580,0,False,False,-1.0,True,Resistance,False,0,0,-1
26be9580,0,False,True,1.5,False,Assassin,False,0,0,-1
26be9580,0,False,True,1.5,False,Spy,False,0,0,-1
7b40513c,0,False,False,-1.5,False,Spy,True,0,0,-1
7b40513c,0,False,True,1.0,True,Merlin,True,0,0,-1
7b40513c,0,False,False,-1.5,False,Assassin,True,0,0,-1
7b40513c,0,False,True,1.0,True,Resistance,True,0,0,-1
7b40513c,0,False,True,1.0,True,Resistance,True,0,0,-1
31fdfcae,0,False,False,-1.0,True,Resistance,False,0,0,-1
31fdfcae,0,False,True,1.5,False,Spy,False,0,0,-1
31fdfcae,0,False,False,-1.0,True,Merlin,False,0,0,-1
31fdfcae,0,False,False,-1.0,True,Resistance,False,0,0,-1
31fdfcae,0,False,True,1.5,False,Assassin,False,0,0,-1
1970e78f,0,False,False,-1.0,True,Resistance,False,0,0,-1
1970e78f,0,False,False,-1.0,True,Resistance,False,0,0,-1
1970e78f,0,False,True,1.5,False,Assassin,False,0,0,-1
1970e78f,0,False,True,1.5,False,Spy,False,0,0,-1
1970e78f,0,False,False,-1.0,True,Merlin,False,0,0,-1
e4c16c4f,0,False,True,1.5,False,Assassin,False,0,0,-1
e4c16c4f,0,False,False,-1.0,True,Merlin,False,0,0,-1
e4c16c4f,0,False,False,-1.0,True,Resistance,False,0,0,-1
e4c16c4f,0,False,True,1.5,False,Spy,False,0,0,-1
e4c16c4f,0,False,False,-1.0,True,Resistance,False,0,0,-1
0402ece5,0,False,True,1.5,False,Spy,False,0,0,-1
0402ece5,0,False,True,1.5,False,Assassin,False,0,0,-1
0402ece5,0,False,False,-1.0,True,Resistance,False,0,0,-1
0402ece5,0,False,False,-1.0,True,Merlin,False,0,0,-1
0402ece5,0,False,False,-1.0,True,Resistance,False,0,0,-1
38567548,0,False,False,-1.0,True,Resistance,False,0,0,-1
38567548,0,False,False,-1.0,True,Resistance,False,0,0,-1
38567548,0,False,True,1.5,False,Spy,False,0,0,-1
38567548,0,False,False,-1.0,True,Merlin,False,0,0,-1
38567548,0,False,True,1.5,False,Assassin,False,0,0,-1
0f06be1f,0,False,False,-1.5,False,Assassin,True,0,0,-1
0f06be1f,0,False,False,-1.5,False,Spy,True,0,0,-1
0f06be1f,0,False,True,1.0,True,Merlin,True,0,0,-1
0f06be1f,0,False,True,1.0,True,Resistance,True,0,0,-1
0f06be1f,0,False,True,1.0,True,Resistance,True,0,0,-1
99e5f1dc,0,False,False,-1.5,False,Spy,True,0,0,-1
99e5f1dc,0,False,True,1.0,True,Merlin,True,0,0,-1
99e5f1dc,0,False,True,1.0,True,Resistance,True,0,0,-1
99e5f1dc,0,False,True,1.0,True,Resistance,True,0,0,-1
99e5f1dc,0,False,False,-1.5,False,Assassin,True,0,0,-1
28c7c600,0,False,False,-1.0,True,Resistance,False,0,0,-1
28c7c600,0,False,True,1.5,False,Spy,False,0,0,-1
28c7c600,0,False,False,-1.0,True,Resistance,False,0,0,-1
28c7c600,0,False,True,1.5,False,Assassin,False,0,0,-1
28c7c600,0,False,False,-1.0,True,Merlin,False,0,0,-1
a950ac6c,0,False,False,-1.0,True,Merlin,False,0,0,-1
a950ac6c,0,False,False,-1.0,True,Resistance,False,0,0,-1
a950ac6c,0,False,True,1.5,False,Assassin,False,0,0,-1
a950ac6c,0,False,False,-1.0,True,Resistance,False,0,0,-1
a950ac6c,0,False,True,1.5,False,Spy,False,0,0,-1
d371f569,0,False,False,-1.0,True,Merlin,False,0,0,-1
d371f569,0,False,False,-1.0,True,Resistance,False,0,0,-1
d371f569,0,False,True,1.5,False,Assassin,False,0,0,-1
d371f569,0,False,True,1.5,False,Spy,False,0,0,-1
d371f569,0,False,False,-1.0,True,Resistance,False,0,0,-1
66bedabd,0,False,True,1.5,False,Assassin,False,0,0,-1
66bedabd,0,False,False,-1.0,True,Resistance,False,0,0,-1
66bedabd,0,False,False,-1.0,True,Resistance,False,0,0,-1
66bedabd,0,False,True,1.5,False,Spy,False,0,0,-1
66bedabd,0,False,False,-1.0,True,Merlin,False,0,0,-1
b49d4edb,0,False,False,-1.0,True,Merlin,False,0,0,-1
b49d4edb,0,False,False,-1.0,True,Resistance,False,0,0,-1
b49d4edb,0,False,False,-1.0,True,Resistance,False,0,0,-1
b49d4edb,0,False,True,1.5,False,Assassin,False,0,0,-1
b49d4edb,0,False,True,1.5,False,Spy,False,0,0,-1
eb85bb66,0,False,False,-1.5,False,Assassin,True,0,0,-1
eb85bb66,0,False,True,1.0,True,Merlin,True,0,0,-1
eb85bb66,0,False,False,-1.5,False,Spy,True,0,0,-1
eb85bb66,0,False,True,1.0,True,Resistance,True,0,0,-1
eb85bb66,0,False,True,1.0,True,Resistance,True,0,0,-1
f37d9664,0,False,False,-1.5,False,Assassin,True,0,0,-1
f37d9664,0,False,True,1.0,True,Merlin,True,0,0,-1
f37d9664,0,False,True,1.0,True,Resistance,True,0,0,-1
f37d9664,0,False,True,1.0,True,Resistance,True,0,0,-1
f37d9664,0,False,False,-1.5,False,Spy,True,0,0,-1
d25e3210,0,False,False,-1.5,False,Spy,True,0,0,-1
d25e3210,0,False,True,1.0,True,Resistance,True,0,0,-1
d25e3210,0,False,False,-1.5,False,Assassin,True,0,0,-1
d25e3210,0,False,True,1.0,True,Merlin,True,0,0,-1
d25e3210,0,False,True,1.0,True,Resistance,True,0,0,-1
30092d20,0,False,True,1.0,True,Resistance,True,0,0,-1
30092d20,0,False,False,-1.5,False,Assassin,True,0,0,-1
30092d20,0,False,True,1.0,True,Merlin,True,0,0,-1
30092d20,0,False,True,1.0,True,Resistance,True,0,0,-1
30092d20,0,False,False,-1.5,False,Spy,True,0,0,-1
554a3fcc,0,False,True,1.0,True,Resistance,True,0,0,-1
554a3fcc,0,False,False,-1.5,False,Spy,True,0,0,-1
554a3fcc,0,False,True,1.0,True,Merlin,True,0,0,-1
554a3fcc,0,False,True,1.0,True,Resistance,True,0,0,-1
554a3fcc,0,False,False,-1.5,False,Assassin,True,0,0,-1
80f42748,0,False,True,1.0,True,Resistance,True,0,0,-1
80f42748,0,False,False,-1.5,False,Assassin,True,0,0,-1
80f42748,0,False,True,1.0,True,Resistance,True,0,0,-1
80f42748,0,False,False,-1.5,False,Spy,True,0,0,-1
80f42748,0,False,True,1.0,True,Merlin,True,0,0,-1
094c93cd,0,False,False,-1.0,True,Resistance,False,0,0,-1
094c93cd,0,False,False,-1.0,True,Resistance,False,0,0,-1
094c93cd,0,False,False,-1.0,True,Merlin,False,0,0,-1
094c93cd,0,False,True,1.5,False,Spy,False,0,0,-1
094c93cd,0,False,True,1.5,False,Assassin,False,0,0,-1
b443a4c0,0,False,False,-1.5,False,Assassin,True,0,0,-1
b443a4c0,0,False,True,1.0,True,Merlin,True,0,0,-1
b443a4c0,0,False,False,-1.5,False,Spy,True,0,0,-1
b443a4c0,0,False,True,1.0,True,Resistance,True,0,0,-1
b443a4c0,0,False,True,1.0,True,Resistance,True,0,0,-1
1d70259e,0,False,True,1.5,False,Spy,False,0,0,-1
1d70259e,0,False,False,-1.0,True,Resistance,False,0,0,-1
1d70259e,0,False,True,1.5,False,Assassin,False,0,0,-1
1d70259e,0,False,False,-1.0,True,Merlin,False,0,0,-1
1d70259e,0,False,False,-1.0,True,Resistance,False,0,0,-1
dfb266a2,0,False,False,-1.0,True,Merlin,False,0,0,-1
dfb266a2,0,False,True,1.5,False,Assassin,False,0,0,-1
dfb266a2,0,False,False,-1.0,True,Resistance,False,0,0,-1
dfb266a2,0,False,False,-1.0,True,Resistance,False,0,0,-1
dfb266a2,0,False,True,1.5,False,Spy,False,0,0,-1
8735ce78,0,False,False,-1.0,True,Resistance,False,0,0,-1
8735ce78,0,False,True,1.5,False,Assassin,False,0,0,-1
8735ce78,0,False,True,1.5,False,Spy,False,0,0,-1
8735ce78,0,False,False,-1.0,True,Resistance,False,0,0,-1
8735ce78,0,False,False,-1.0,True,Merlin,False,0,0,-1
0089be36,0,False,True,1.5,False,Assassin,False,0,0,-1
0089be36,0,False,False,-1.0,True,Resistance,False,0,0,-1
0089be36,0,False,False,-1.0,True,Resistance,False,0,0,-1
0089be36,0,False,True,1.5,False,Spy,False,0,0,-1
0089be36,0,False,False,-1.0,True,Merlin,False,0,0,-1
ddb6fdb3,0,False,True,1.0,True,Merlin,True,0,0,-1
ddb6fdb3,0,False,False,-1.5,False,Assassin,True,0,0,-1
ddb6fdb3,0,False,True,1.0,True,Resistance,True,0,0,-1
ddb6fdb3,0,False,False,-1.5,False,Spy,True,0,0,-1
ddb6fdb3,0,False,True,1.0,True,Resistance,True,0,0,-1
b6f5e899,0,False,False,-1.0,True,Merlin,False,0,0,-1
b6f5e899,0,False,False,-1.0,True,Resistance,False,0,0,-1
b6f5e899,0,False,True,1.5,False,Spy,False,0,0,-1
b6f5e899,0,False,True,1.5,False,Assassin,False,0,0,-1
b6f5e899,0,False,False,-1.0,True,Resistance,False,0,0,-1
c36fda62,0,False,False,-1.0,True,Resistance,False,0,0,-1
c36fda62,0,False,True,1.5,False,Assassin,False,0,0,-1
c36fda62,0,False,True,1.5,False,Spy,False,0,0,-1
c36fda62,0,False,False,-1.0,True,Merlin,False,0,0,-1
c36fda62,0,False,False,-1.0,True,Resistance,False,0,0,-1
50063651,0,False,False,-1.0,True,Resistance,False,0,0,-1
50063651,0,False,True,1.5,False,Spy,False,0,0,-1
50063651,0,False,True,1.5,False,Assassin,False,0,0,-1
50063651,0,False,False,-1.0,True,Merlin,False,0,0,-1
50063651,0,False,False,-1.0,True,Resistance,False,0,0,-1
254105b0,0,False,False,-1.0,True,Resistance,False,0,0,-1
254105b0,0,False,True,1.5,False,Assassin,False,0,0,-1
254105b0,0,False,True,1.5,False,Spy,False,0,0,-1
254105b0,0,False,False,-1.0,True,Resistance,False,0,0,-1
254105b0,0,False,False,-1.0,True,Merlin,False,0,0,-1
4b06b799,0,False,False,-1.5,False,Assassin,True,0,0,-1
4b06b799,0,False,False,-1.5,False,Spy,True,0,0,-1
4b06b799,0,False,True,1.0,True,Merlin,True,0,0,-1
4b06b799,0,False,True,1.0,True,Resistance,True,0,0,-1
4b06b799,0,False,True,1.0,True,Resistance,True,0,0,-1
89300a69,0,False,False,-1.0,True,Merlin,False,0,0,-1
89300a69,0,False,False,-1.0,True,Resistance,False,0,0,-1
89300a69,0,False,False,-1.0,True,Resistance,False,0,0,-1
89300a69,0,False,True,1.5,False,Assassin,False,0,0,-1
89300a69,0,False,True,1.5,False,Spy,False,0,0,-1
437c0bfe,0,False,False,-1.0,True,Resistance,False,0,0,-1
437c0bfe,0,False,False,-1.0,True,Merlin,False,0,0,-1
437c0bfe,0,False,True,1.5,False,Assassin,False,0,0,-1
437c0bfe,0,False,False,-1.0,True,Resistance,False,0,0,-1
437c0bfe,0,False,True,1.5,False,Spy,False,0,0,-1
d8777656,0,False,True,1.5,False,Spy,False,0,0,-1
d8777656,0,False,True,1.5,False,Assassin,False,0,0,-1
d8777656,0,False,False,-1.0,True,Merlin,False,0,0,-1
d8777656,0,False,False,-1.0,True,Resistance,False,0,0,-1
d8777656,0,False,False,-1.0,True,Resistance,False,0,0,-1
fb9afa01,0,False,True,1.0,True,Resistance,True,0,0,-1
fb9afa01,0,False,True,1.0,True,Resistance,True,0,0,-1
fb9afa01,0,False,True,1.0,True,Merlin,True,0,0,-1
fb9afa01,0,False,False,-1.5,False,Spy,True,0,0,-1
fb9afa01,0,False,False,-1.5,False,Assassin,True,0,0,-1
6970eda8,0,False,False,-1.0,True,Merlin,False,0,0,-1
6970eda8,0,False,False,-1.0,True,Resistance,False,0,0,-1
6970eda8,0,False,True,1.5,False,Spy,False,0,0,-1
6970eda8,0,False,True,1.5,False,Assassin,False,0,0,-1
6970eda8,0,False,False,-1.0,True,Resistance,False,0,0,-1
24714ee5,0,False,True,1.0,True,Resistance,True,0,0,-1
24714ee5,0,False,True,1.0,True,Merlin,True,0,0,-1
24714ee5,0,False,False,-1.5,False,Spy,True,0,0,-1
24714ee5,0,False,True,1.0,True,Resistance,True,0,0,-1
24714ee5,0,False,False,-1.5,False,Assassin,True,0,0,-1
f9661973,0,False,False,-1.0,True,Resistance,False,0,0,-1
f9661973,0,False,False,-1.0,True,Resistance,False,0,0,-1
f9661973,0,False,False,-1.0,True,Merlin,False,0,0,-1
f9661973,0,False,True,1.5,False,Assassin,False,0,0,-1
f9661973,0,False,True,1.5,False,Spy,False,0,0,-1
bef2402f,0,False,True,1.0,True,Merlin,True,0,0,-1
bef2402f,0,False,True,1.0,True,Resistance,True,0,0,-1
bef2402f,0,False,False,-1.5,False,Assassin,True,0,0,-1
bef2402f,0,False,False,-1.5,False,Spy,True,0,0,-1
bef2402f,0,False,True,1.0,True,Resistance,True,0,0,-1
c8353867,0,False,True,1.5,False,Assassin,False,0,0,-1
c8353867,0,False,True,1.5,False,Spy,False,0,0,-1
c8353867,0,False,False,-1.0,True,Resistance,False,0,0,-1
c8353867,0,False,False,-1.0,True,Resistance,False,0,0,-1
c8353867,0,False,False,-1.0,True,Merlin,False,0,0,-1
aef7aaa1,0,False,False,-1.0,True,Resistance,False,0,0,-1
aef7aaa1,0,False,True,1.5,False,Spy,False,0,0,-1
aef7aaa1,0,False,False,-1.0,True,Merlin,False,0,0,-1
aef7aaa1,0,False,False,-1.0,True,Resistance,False,0,0,-1
aef7aaa1,0,False,True,1.5,False,Assassin,False,0,0,-1
866ae9b5,0,False,True,1.0,True,Merlin,True,0,0,-1
866ae9b5,0,False,True,1.0,True,Resistance,True,0,0,-1
866ae9b5,0,False,True,1.0,True,Resistance,True,0,0,-1
866ae9b5,0,False,False,-1.5,False,Spy,True,0,0,-1
866ae9b5,0,False,False,-1.5,False,Assassin,True,0,0,-1
c2cf72fe,0,False,False,-1.5,False,Assassin,True,0,0,-1
c2cf72fe,0,False,False,-1.5,False,Spy,True,0,0,-1
c2cf72fe,0,False,True,1.0,True,Resistance,True,0,0,-1
c2cf72fe,0,False,True,1.0,True,Resistance,True,0,0,-1
c2cf72fe,0,False,True,1.0,True,Merlin,True,0,0,-1
c92c46e8,0,False,True,1.0,True,Resistance,True,0,0,-1
c92c46e8,0,False,False,-1.5,False,Spy,True,0,0,-1
c92c46e8,0,False,True,1.0,True,Resistance,True,0,0,-1
c92c46e8,0,False,True,1.0,True,Merlin,True,0,0,-1
c92c46e8,0,False,False,-1.5,False,Assassin,True,0,0,-1
fefc1714,0,False,True,1.0,True,Merlin,True,0,0,-1
fefc1714,0,False,False,-1.5,False,Assassin,True,0,0,-1
fefc1714,0,False,False,-1.5,False,Spy,True,0,0,-1
fefc1714,0,False,True,1.0,True,Resistance,True,0,0,-1
fefc1714,0,False,True,1.0,True,Resistance,True,0,0,-1
cb9a143b,0,False,True,1.5,False,Spy,False,0,0,-1
cb9a143b,0,False,False,-1.0,True,Resistance,False,0,0,-1
cb9a143b,0,False,False,-1.0,True,Resistance,False,0,0,-1
cb9a143b,0,False,False,-1.0,True,Merlin,False,0,0,-1
cb9a143b,0,False,True,1.5,False,Assassin,False,0,0,-1
2c8547a8,0,False,False,-1.0,True,Merlin,False,0,0,-1
2c8547a8,0,False,True,1.5,False,Spy,False,0,0,-1
2c8547a8,0,False,False,-1.0,True,Resistance,False,0,0,-1
2c8547a8,0,False,True,1.5,False,Assassin,False,0,0,-1
2c8547a8,0,False,False,-1.0,True,Resistance,False,0,0,-1
9653e321,0,False,False,-1.0,True,Resistance,False,0,0,-1
9653e321,0,False,False,-1.0,True,Resistance,False,0,0,-1
9653e321,0,False,True,1.5,False,Spy,False,0,0,-1
9653e321,0,False,True,1.5,False,Assassin,False,0,0,-1
9653e321,0,False,False,-1.0,True,Merlin,False,0,0,-1
500971dc,0,False,False,-1.0,True,Resistance,False,0,0,-1
500971dc,0,False,True,1.5,False,Spy,False,0,0,-1
500971dc,0,False,False,-1.0,True,Merlin,False,0,0,-1
500971dc,0,False,False,-1.0,True,Resistance,False,0,0,-1
500971dc,0,False,True,1.5,False,Assassin,False,0,0,-1
7e0f71d7,0,False,False,-1.0,True,Resistance,False,0,0,-1
7e0f71d7,0,False,False,-1.0,True,Merlin,False,0,0,-1
7e0f71d7,0,False,True,1.5,False,Spy,False,0,0,-1
7e0f71d7,0,False,True,1.5,False,Assassin,False,0,0,-1
7e0f71d7,0,False,False,-1.0,True,Resistance,False,0,0,-1
42fb2ff2,0,False,True,1.0,True,Merlin,True,0,0,-1
42fb2ff2,0,False,True,1.0,True,Resistance,True,0,0,-1
42fb2ff2,0,False,False,-1.5,False,Spy,True,0,0,-1
42fb2ff2,0,False,False,-1.5,False,Assassin,True,0,0,-1
42fb2ff2,0,False,True,1.0,True,Resistance,True,0,0,-1
44d1dfaa,0,False,True,1.5,False,Assassin,False,0,0,-1
44d1dfaa,0,False,False,-1.0,True,Merlin,False,0,0,-1
44d1dfaa,0,False,True,1.5,False,Spy,False,0,0,-1
44d1dfaa,0,False,False,-1.0,True,Resistance,False,0,0,-1
44d1dfaa,0,False,False,-1.0,True,Resistance,False,0,0,-1
4a79d306,0,False,True,1.0,True,Merlin,True,0,0,-1
4a79d306,0,False,True,1.0,True,Resistance,True,0,0,-1
4a79d306,0,False,False,-1.5,False,Spy,True,0,0,-1
4a79d306,0,False,True,1.0,True,Resistance,True,0,0,-1
4a79d306,0,False,False,-1.5,False,Assassin,True,0,0,-1
4fa0e87a,0,False,True,1.0,True,Resistance,True,0,0,-1
4fa0e87a,0,False,False,-1.5,False,Spy,True,0,0,-1
4fa0e87a,0,False,False,-1.5,False,Assassin,True,0,0,-1
4fa0e87a,0,False,True,1.0,True,Resistance,True,0,0,-1
4fa0e87a,0,False,True,1.0,True,Merlin,True,0,0,-1
a0c6c3bc,0,False,False,-1.5,False,Spy,True,0,0,-1
a0c6c3bc,0,False,True,1.0,True,Merlin,True,0,0,-1
a0c6c3bc,0,False,False,-1.5,False,Assassin,True,0,0,-1
a0c6c3bc,0,False,True,1.0,True,Resistance,True,0,0,-1
a0c6c3bc,0,False,True,1.0,True,Resistance,True,0,0,-1
eb9f1a6a,0,False,False,-1.5,False,Assassin,True,0,0,-1
eb9f1a6a,0,False,True,1.0,True,Resistance,True,0,0,-1
eb9f1a6a,0,False,True,1.0,True,Merlin,True,0,0,-1
eb9f1a6a,0,False,False,-1.5,False,Spy,True,0,0,-1
eb9f1a6a,0,False,True,1.0,True,Resistance,True,0,0,-1
3d2bc223,0,False,True,1.5,False,Assassin,False,0,0,-1
3d2bc223,0,False,False,-1.0,True,Merlin,False,0,0,-1
3d2bc223,0,False,True,1.5,False,Spy,False,0,0,-1
3d2bc223,0,False,False,-1.0,True,Resistance,False,0,0,-1
3d2bc223,0,False,False,-1.0,True,Resistance,False,0,0,-1
cca1f575,0,False,True,1.0,True,Merlin,True,0,0,-1
cca1f575,0,False,False,-1.5,False,Assassin,True,0,0,-1
cca1f575,0,False,True,1.0,True,Resistance,True,0,0,-1
cca1f575,0,False,True,1.0,True,Resistance,True,0,0,-1
cca1f575,0,False,False,-1.5,False,Spy,True,0,0,-1
8c09256f,0,False,True,1.5,False,Spy,False,0,0,-1
8c09256f,0,False,False,-1.0,True,Merlin,False,0,0,-1
8c09256f,0,False,False,-1.0,True,Resistance,False,0,0,-1
8c09256f,0,False,True,1.5,False,Assassin,False,0,0,-1
8c09256f,0,False,False,-1.0,True,Resistance,False,0,0,-1
b557661f,0,False,True,1.0,True,Merlin,True,0,0,-1
b557661f,0,False,True,1.0,True,Resistance,True,0,0,-1
b557661f,0,False,True,1.0,True,Resistance,True,0,0,-1
b557661f,0,False,False,-1.5,False,Spy,True,0,0,-1
b557661f,0,False,False,-1.5,False,Assassin,True,0,0,-1
da7f6ac0,0,False,True,1.5,False,Assassin,False,0,0,-1
da7f6ac0,0,False,False,-1.0,True,Resistance,False,0,0,-1
da7f6ac0,0,False,False,-1.0,True,Merlin,False,0,0,-1
da7f6ac0,0,False,True,1.5,False,Spy,False,0,0,-1
da7f6ac0,0,False,False,-1.0,True,Resistance,False,0,0,-1
078c9a26,0,False,True,1.0,True,Resistance,True,0,0,-1
078c9a26,0,False,False,-1.5,False,Assassin,True,0,0,-1
078c9a26,0,False,True,1.0,True,Resistance,True,0,0,-1
078c9a26,0,False,True,1.0,True,Merlin,True,0,0,-1
078c9a26,0,False,False,-1.5,False,Spy,True,0,0,-1
c6b1b06f,0,False,True,1.0,True,Resistance,True,0,0,-1
c6b1b06f,0,False,False,-1.5,False,Assassin,True,0,0,-1
c6b1b06f,0,False,True,1.0,True,Resistance,True,0,0,-1
c6b1b06f,0,False,False,-1.5,False,Spy,True,0,0,-1
c6b1b06f,0,False,True,1.0,True,Merlin,True,0,0,-1
c3032ecb,0,False,True,1.5,False,Spy,False,0,0,-1
c3032ecb,0,False,False,-1.0,True,Resistance,False,0,0,-1
c3032ecb,0,False,True,1.5,False,Assassin,False,0,0,-1
c3032ecb,0,False,False,-1.0,True,Merlin,False,0,0,-1
c3032ecb,0,False,False,-1.0,True,Resistance,False,0,0,-1
e5ba1011,0,False,True,1.5,False,Spy,False,0,0,-1
e5ba1011,0,False,False,-1.0,True,Resistance,False,0,0,-1
e5ba1011,0,False,False,-1.0,True,Merlin,False,0,0,-1
e5ba1011,0,False,False,-1.0,True,Resistance,False,0,0,-1
e5ba1011,0,False,True,1.5,False,Assassin,False,0,0,-1
3c7f10ce,0,False,True,1.5,False,Assassin,False,0,0,-1
3c7f10ce,0,False,False,-1.0,True,Resistance,False,0,0,-1
3c7f10ce,0,False,True,1.5,False,Spy,False,0,0,-1
3c7f10ce,0,False,False,-1.0,True,Resistance,False,0,0,-1
3c7f10ce,0,False,False,-1.0,True,Merlin,False,0,0,-1
ddd075ec,0,False,False,-1.0,True,Merlin,False,0,0,-1
ddd075ec,0,False,False,-1.0,True,Resistance,False,0,0,-1
ddd075ec,0,False,False,-1.0,True,Resistance,False,0,0,-1
ddd075ec,0,False,True,1.5,False,Assassin,False,0,0,-1
ddd075ec,0,False,True,1.5,False,Spy,False,0,0,-1
1d3bd12f,0,False,True,1.0,True,Merlin,True,0,0,-1
1d3bd12f,0,False,True,1.0,True,Resistance,True,0,0,-1
1d3bd12f,0,False,False,-1.5,False,Assassin,True,0,0,-1
1d3bd12f,0,False,False,-1.5,False,Spy,True,0,0,-1
1d3bd12f,0,False,True,1.0,True,Resistance,True,0,0,-1
6ac13011,0,False,True,1.0,True,Resistance,True,0,0,-1
6ac13011,0,False,False,-1.5,False,Assassin,True,0,0,-1
6ac13011,0,False,True,1.0,True,Resistance,True,0,0,-1
6ac13011,0,False,True,1.0,True,Merlin,True,0,0,-1
6ac13011,0,False,False,-1.5,False,Spy,True,0,0,-1
b686e99b,0,False,False,-1.5,False,Spy,True,0,0,-1
b686e99b,0,False,True,1.0,True,Resistance,True,0,0,-1
b686e99b,0,False,True,1.0,True,Merlin,True,0,0,-1
b686e99b,0,False,True,1.0,True,Resistance,True,0,0,-1
b686e99b,0,False,False,-1.5,False,Assassin,True,0,0,-1
1d24061c,0,False,False,-1.0,True,Merlin,False,0,0,-1
1d24061c,0,False,False,-1.0,True,Resistance,False,0,0,-1
1d24061c,0,False,False,-1.0,True,Resistance,False,0,0,-1
1d24061c,0,False,True,1.5,False,Assassin,False,0,0,-1
1d24061c,0,False,True,1.5,False,Spy,False,0,0,-1
c1d18e2a,0,False,False,-1.0,True,Resistance,False,0,0,-1
c1d18e2a,0,False,True,1.5,False,Assassin,False,0,0,-1
c1d18e2a,0,False,True,1.5,False,Spy,False,0,0,-1
c1d18e2a,0,False,False,-1.0,True,Resistance,False,0,0,-1
c1d18e2a,0,False,False,-1.0,True,Merlin,False,0,0,-1
3c795fb4,0,False,True,1.0,True,Merlin,True,0,0,-1
3c795fb4,0,False,True,1.0,True,Resistance,True,0,0,-1
3c795fb4,0,False,False,-1.5,False,Assassin,True,0,0,-1
3c795fb4,0,False,False,-1.5,False,Spy,True,0,0,-1
3c795fb4,0,False,True,1.0,True,Resistance,True,0,0,-1
d8761bf9,0,False,True,1.0,True,Merlin,True,0,0,-1
d8761bf9,0,False,True,1.0,True,Resistance,True,0,0,-1
d8761bf9,0,False,False,-1.5,False,Assassin,True,0,0,-1
d8761bf9,0,False,True,1.0,True,Resistance,True,0,0,-1
d8761bf9,0,False,False,-1.5,False,Spy,True,0,0,-1
c94385a1,0,False,True,1.0,True,Resistance,True,0,0,-1
c94385a1,0,False,True,1.0,True,Resistance,True,0,0,-1
c94385a1,0,False,False,-1.5,False,Assassin,True,0,0,-1
c94385a1,0,False,False,-1.5,False,Spy,True,0,0,-1
c94385a1,0,False,True,1.0,True,Merlin,True,0,0,-1
802bea2d,0,False,False,-1.5,False,Spy,True,0,0,-1
802bea2d,0,False,True,1.0,True,Resistance,True,0,0,-1
802bea2d,0,False,False,-1.5,False,Assassin,True,0,0,-1
802bea2d,0,False,True,1.0,True,Resistance,True,0,0,-1
802bea2d,0,False,True,1.0,True,Merlin,True,0,0,-1
27a51157,0,False,False,-1.5,False,Assassin,True,0,0,-1
27a51157,0,False,True,1.0,True,Merlin,True,0,0,-1
27a51157,0,False,False,-1.5,False,Spy,True,0,0,-1
27a51157,0,False,True,1.0,True,Resistance,True,0,0,-1
27a51157,0,False,True,1.0,True,Resistance,True,0,0,-1
09734c20,0,False,False,-1.0,True,Resistance,False,0,0,-1
09734c20,0,False,True,1.5,False,Assassin,False,0,0,-1
09734c20,0,False,False,-1.0,True,Merlin,False,0,0,-1
09734c20,0,False,True,1.5,False,Spy,False,0,0,-1
09734c20,0,False,False,-1.0,True,Resistance,False,0,0,-1
e4e12621,0,False,False,-1.5,False,Assassin,True,0,0,-1
e4e12621,0,False,True,1.0,True,Merlin,True,0,0,-1
e4e12621,0,False,False,-1.5,False,Spy,True,0,0,-1
e4e12621,0,False,True,1.0,True,Resistance,True,0,0,-1
e4e12621,0,False,True,1.0,True,Resistance,True,0,0,-1
adfa8ab5,0,False,False,-1.5,False,Spy,True,0,0,-1
adfa8ab5,0,False,False,-1.5,False,Assassin,True,0,0,-1
adfa8ab5,0,False,True,1.0,True,Resistance,True,0,0,-1
adfa8ab5,0,False,True,1.0,True,Resistance,True,0,0,-1
adfa8ab5,0,False,True,1.0,True,Merlin,True,0,0,-1
8dd5df00,0,False,True,1.0,True,Resistance,True,0,0,-1
8dd5df00,0,False,False,-1.5,False,Spy,True,0,0,-1
8dd5df00,0,False,True,1.0,True,Merlin,True,0,0,-1
8dd5df00,0,False,False,-1.5,False,Assassin,True,0,0,-1
8dd5df00,0,False,True,1.0,True,Resistance,True,0,0,-1
1fec87da,0,False,False,-1.0,True,Resistance,False,0,0,-1
1fec87da,0,False,True,1.5,False,Assassin,False,0,0,-1
1fec87da,0,False,False,-1.0,True,Merlin,False,0,0,-1
1fec87da,0,False,False,-1.0,True,Resistance,False,0,0,-1
1fec87da,0,False,True,1.5,False,Spy,False,0,0,-1
8381c59a,0,False,False,-1.0,True,Resistance,False,0,0,-1
8381c59a,0,False,False,-1.0,True,Resistance,False,0,0,-1
8381c59a,0,False,True,1.5,False,Spy,False,0,0,-1
8381c59a,0,False,True,1.5,False,Assassin,False,0,0,-1
8381c59a,0,False,False,-1.0,True,Merlin,False,0,0,-1
95e8e9fa,0,False,True,1.5,False,Spy,False,0,0,-1
95e8e9fa,0,False,True,1.5,False,Assassin,False,0,0,-1
95e8e9fa,0,False,False,-1.0,True,Resistance,False,0,0,-1
95e8e9fa,0,False,False,-1.0,True,Resistance,False,0,0,-1
95e8e9fa,0,False,False,-1.0,True,Merlin,False,0,0,-1
d027dca6,0,False,True,1.5,False,Assassin,False,0,0,-1
d027dca6,0,False,False,-1.0,True,Resistance,False,0,0,-1
d027dca6,0,False,True,1.5,False,Spy,False,0,0,-1
d027dca6,0,False,False,-1.0,True,Resistance,False,0,0,-1
d027dca6,0,False,False,-1.0,True,Merlin,False,0,0,-1
e42bf800,0,False,False,-1.0,True,Merlin,False,0,0,-1
e42bf800,0,False,True,1.5,False,Spy,False,0,0,-1
e42bf800,0,False,True,1.5,False,Assassin,False,0,0,-1
e42bf800,0,False,False,-1.0,True,Resistance,False,0,0,-1
e42bf800,0,False,False,-1.0,True,Resistance,False,0,0,-1
6bf3df1c,0,False,False,-1.0,True,Resistance,False,0,0,-1
6bf3df1c,0,False,False,-1.0,True,Merlin,False,0,0,-1
6bf3df1c,0,False,True,1.5,False,Spy,False,0,0,-1
6bf3df1c,0,False,False,-1.0,True,Resistance,False,0,0,-1
6bf3df1c,0,False,True,1.5,False,Assassin,False,0,0,-1
f5dfadd2,0,False,True,1.0,True,Resistance,True,0,0,-1
f5dfadd2,0,False,True,1.0,True,Resistance,True,0,0,-1
f5dfadd2,0,False,False,-1.5,False,Assassin,True,0,0,-1
f5dfadd2,0,False,False,-1.5,False,Spy,True,0,0,-1
f5dfadd2,0,False,True,1.0,True,Merlin,True,0,0,-1
a38b2b00,0,False,False,-1.5,False,Assassin,True,0,0,-1
a38b2b00,0,False,True,1.0,True,Resistance,True,0,0,-1
a38b2b00,0,False,True,1.0,True,Merlin,True,0,0,-1
a38b2b00,0,False,True,1.0,True,Resistance,True,0,0,-1
a38b2b00,0,False,False,-1.5,False,Spy,True,0,0,-1
f257f41a,0,False,True,1.5,False,Spy,False,0,0,-1
f257f41a,0,False,True,1.5,False,Assassin,False,0,0,-1
f257f41a,0,False,False,-1.0,True,Resistance,False,0,0,-1
f257f41a,0,False,False,-1.0,True,Resistance,False,0,0,-1
f257f41a,0,False,False,-1.0,True,Merlin,False,0,0,-1
9bde0de2,0,False,True,1.5,False,Assassin,False,0,0,-1
9bde0de2,0,False,False,-1.0,True,Resistance,False,0,0,-1
9bde0de2,0,False,True,1.5,False,Spy,False,0,0,-1
9bde0de2,0,False,False,-1.0,True,Merlin,False,0,0,-1
9bde0de2,0,False,False,-1.0,True,Resistance,False,0,0,-1
c6eb07dd,0,False,False,-1.5,False,Assassin,True,0,0,-1
c6eb07dd,0,False,False,-1.5,False,Spy,True,0,0,-1
c6eb07dd,0,False,True,1.0,True,Resistance,True,0,0,-1
c6eb07dd,0,False,True,1.0,True,Merlin,True,0,0,-1
c6eb07dd,0,False,True,1.0,True,Resistance,True,0,0,-1
8fc3cd7e,0,False,False,-1.0,True,Resistance,False,0,0,-1
8fc3cd7e,0,False,True,1.5,False,Spy,False,0,0,-1
8fc3cd7e,0,False,True,1.5,False,Assassin,False,0,0,-1
8fc3cd7e,0,False,False,-1.0,True,Resistance,False,0,0,-1
8fc3cd7e,0,False,False,-1.0,True,Merlin,False,0,0,-1
a5af4572,0,False,False,-1.0,True,Merlin,False,0,0,-1
a5af4572,0,False,False,-1.0,True,Resistance,False,0,0,-1
a5af4572,0,False,False,-1.0,True,Resistance,False,0,0,-1
a5af4572,0,False,True,1.5,False,Assassin,False,0,0,-1
a5af4572,0,False,True,1.5,False,Spy,False,0,0,-1
a81e0d36,0,False,True,1.5,False,Spy,False,0,0,-1
a81e0d36,0,False,False,-1.0,True,Resistance,False,0,0,-1
a81e0d36,0,False,False,-1.0,True,Resistance,False,0,0,-1
a81e0d36,0,False,True,1.5,False,Assassin,False,0,0,-1
a81e0d36,0,False,False,-1.0,True,Merlin,False,0,0,-1
5c2d5658,0,False,False,-1.5,False,Assassin,True,0,0,-1
5c2d5658,0,False,True,1.0,True,Resistance,True,0,0,-1
5c2d5658,0,False,True,1.0,True,Merlin,True,0,0,-1
5c2d5658,0,False,False,-1.5,False,Spy,True,0,0,-1
5c2d5658,0,False,True,1.0,True,Resistance,True,0,0,-1
ca830d36,0,False,False,-1.5,False,Assassin,True,0,0,-1
ca830d36,0,False,True,1.0,True,Resistance,True,0,0,-1
ca830d36,0,False,True,1.0,True,Merlin,True,0,0,-1
ca830d36,0,False,True,1.0,True,Resistance,True,0,0,-1
ca830d36,0,False,False,-1.5,False,Spy,True,0,0,-1
6b320bfd,0,False,True,1.0,True,Resistance,True,0,0,-1
6b320bfd,0,False,False,-1.5,False,Spy,True,0,0,-1
6b320bfd,0,False,True,1.0,True,Resistance,True,0,0,-1
6b320bfd,0,False,True,1.0,True,Merlin,True,0,0,-1
6b320bfd,0,False,False,-1.5,False,Assassin,True,0,0,-1
e9614063,0,False,True,1.0,True,Merlin,True,0,0,-1
e9614063,0,False,False,-1.5,False,Spy,True,0,0,-1
e9614063,0,False,False,-1.5,False,Assassin,True,0,0,-1
e9614063,0,False,True,1.0,True,Resistance,True,0,0,-1
e9614063,0,False,True,1.0,True,Resistance,True,0,0,-1
17ecbede,0,False,False,-1.0,True,Resistance,False,0,0,-1
17ecbede,0,False,True,1.5,False,Spy,False,0,0,-1
17ecbede,0,False,False,-1.0,True,Resistance,False,0,0,-1
17ecbede,0,False,False,-1.0,True,Merlin,False,0,0,-1
17ecbede,0,False,True,1.5,False,Assassin,False,0,0,-1
20416a57,0,False,False,-1.0,True,Merlin,False,0,0,-1
20416a57,0,False,True,1.5,False,Spy,False,0,0,-1
20416a57,0,False,False,-1.0,True,Resistance,False,0,0,-1
20416a57,0,False,True,1.5,False,Assassin,False,0,0,-1
20416a57,0,False,False,-1.0,True,Resistance,False,0,0,-1
d34b8190,0,False,True,1.5,False,Spy,False,0,0,-1
d34b8190,0,False,False,-1.0,True,Merlin,False,0,0,-1
d34b8190,0,False,False,-1.0,True,Resistance,False,0,0,-1
d34b8190,0,False,True,1.5,False,Assassin,False,0,0,-1
d34b8190,0,False,False,-1.0,True,Resistance,False,0,0,-1
f9d50500,0,False,True,1.0,True,Resistance,True,0,0,-1
f9d50500,0,False,True,1.0,True,Merlin,True,0,0,-1
f9d50500,0,False,False,-1.5,False,Assassin,True,0,0,-1
f9d50500,0,False,True,1.0,True,Resistance,True,0,0,-1
f9d50500,0,False,False,-1.5,False,Spy,True,0,0,-1
e15855aa,0,False,True,1.0,True,Resistance,True,0,0,-1
e15855aa,0,False,False,-1.5,False,Assassin,True,0,0,-1
e15855aa,0,False,True,1.0,True,Resistance,True,0,0,-1
e15855aa,0,False,True,1.0,True,Merlin,True,0,0,-1
e15855aa,0,False,False,-1.5,False,Spy,True,0,0,-1
21d10c25,0,False,False,-1.0,True,Resistance,False,0,0,-1
21d10c25,0,False,False,-1.0,True,Merlin,False,0,0,-1
21d10c25,0,False,False,-1.0,True,Resistance,False,0,0,-1
21d10c25,0,False,True,1.5,False,Spy,False,0,0,-1
21d10c25,0,False,True,1.5,False,Assassin,False,0,0,-1
a97842cc,0,False,False,-1.0,True,Resistance,False,0,0,-1
a97842cc,0,False,False,-1.0,True,Resistance,False,0,0,-1
a97842cc,0,False,False,-1.0,True,Merlin,False,0,0,-1
a97842cc,0,False,True,1.5,False,Assassin,False,0,0,-1
a97842cc,0,False,True,1.5,False,Spy,False,0,0,-1
59f73b0a,0,False,True,1.5,False,Spy,False,0,0,-1
59f73b0a,0,False,False,-1.0,True,Resistance,False,0,0,-1
59f73b0a,0,False,False,-1.0,True,Merlin,False,0,0,-1
59f73b0a,0,False,False,-1.0,True,Resistance,False,0,0,-1
59f73b0a,0,False,True,1.5,False,Assassin,False,0,0,-1
22eebe9c,0,False,True,1.0,True,Resistance,True,0,0,-1
22eebe9c,0,False,False,-1.5,False,Spy,True,0,0,-1
22eebe9c,0,False,False,-1.5,False,Assassin,True,0,0,-1
22eebe9c,0,False,True,1.0,True,Resistance,True,0,0,-1
22eebe9c,0,False,True,1.0,True,Merlin,True,0,0,-1
3149840a,0,False,True,1.0,True,Merlin,True,0,0,-1
3149840a,0,False,False,-1.5,False,Spy,True,0,0,-1
3149840a,0,False,True,1.0,True,Resistance,True,0,0,-1
3149840a,0,False,True,1.0,True,Resistance,True,0,0,-1
3149840a,0,False,False,-1.5,False,Assassin,True,0,0,-1
020a55db,0,False,False,-1.5,False,Assassin,True,0,0,-1
020a55db,0,False,True,1.0,True,Resistance,True,0,0,-1
020a55db,0,False,True,1.0,True,Resistance,True,0,0,-1
020a55db,0,False,False,-1.5,False,Spy,True,0,0,-1
020a55db,0,False,True,1.0,True,Merlin,True,0,0,-1
63baab1b,0,False,True,1.5,False,Assassin,False,0,0,-1
63baab1b,0,False,True,1.5,False,Spy,False,0,0,-1
63baab1b,0,False,False,-1.0,True,Resistance,False,0,0,-1
63baab1b,0,False,False,-1.0,True,Merlin,False,0,0,-1
63baab1b,0,False,False,-1.0,True,Resistance,False,0,0,-1
ade1b23d,0,False,True,1.0,True,Merlin,True,0,0,-1
ade1b23d,0,False,True,1.0,True,Resistance,True,0,0,-1
ade1b23d,0,False,True,1.0,True,Resistance,True,0,0,-1
ade1b23d,0,False,False,-1.5,False,Spy,True,0,0,-1
ade1b23d,0,False,False,-1.5,False,Assassin,True,0,0,-1
bcecd458,0,False,False,-1.0,True,Merlin,False,0,0,-1
bcecd458,0,False,False,-1.0,True,Resistance,False,0,0,-1
bcecd458,0,False,False,-1.0,True,Resistance,False,0,0,-1
bcecd458,0,False,True,1.5,False,Assassin,False,0,0,-1
bcecd458,0,False,True,1.5,False,Spy,False,0,0,-1
dc2d7384,0,False,False,-1.0,True,Merlin,False,0,0,-1
dc2d7384,0,False,True,1.5,False,Assassin,False,0,0,-1
dc2d7384,0,False,False,-1.0,True,Resistance,False,0,0,-1
dc2d7384,0,False,False,-1.0,True,Resistance,False,0,0,-1
dc2d7384,0,False,True,1.5,False,Spy,False,0,0,-1
524a8602,0,False,True,1.5,False,Assassin,False,0,0,-1
524a8602,0,False,False,-1.0,True,Merlin,False,0,0,-1
524a8602,0,False,True,1.5,False,Spy,False,0,0,-1
524a8602,0,False,False,-1.0,True,Resistance,False,0,0,-1
524a8602,0,False,False,-1.0,True,Resistance,False,0,0,-1
95a10689,0,False,True,1.0,True,Merlin,True,0,0,-1
95a10689,0,False,False,-1.5,False,Assassin,True,0,0,-1
95a10689,0,False,True,1.0,True,Resistance,True,0,0,-1
95a10689,0,False,False,-1.5,False,Spy,True,0,0,-1
95a10689,0,False,True,1.0,True,Resistance,True,0,0,-1
d4732553,0,False,True,1.5,False,Assassin,False,0,0,-1
d4732553,0,False,False,-1.0,True,Resistance,False,0,0,-1
d4732553,0,False,True,1.5,False,Spy,False,0,0,-1
d4732553,0,False,False,-1.0,True,Merlin,False,0,0,-1
d4732553,0,False,False,-1.0,True,Resistance,False,0,0,-1
c25d5cea,0,False,True,1.0,True,Merlin,True,0,0,-1
c25d5cea,0,False,False,-1.5,False,Spy,True,0,0,-1
c25d5cea,0,False,True,1.0,True,Resistance,True,0,0,-1
c25d5cea,0,False,False,-1.5,False,Assassin,True,0,0,-1
c25d5cea,0,False,True,1.0,True,Resistance,True,0,0,-1
31f697cc,0,False,False,-1.0,True,Resistance,False,0,0,-1
31f697cc,0,False,False,-1.0,True,Merlin,False,0,0,-1
31f697cc,0,False,True,1.5,False,Assassin,False,0,0,-1
31f697cc,0,False,False,-1.0,True,Resistance,False,0,0,-1
31f697cc,0,False,True,1.5,False,Spy,False,0,0,-1
a10cf30b,0,False,True,1.0,True,Resistance,True,0,0,-1
a10cf30b,0,False,False,-1.5,False,Spy,True,0,0,-1
a10cf30b,0,False,True,1.0,True,Merlin,True,0,0,-1
a10cf30b,0,False,True,1.0,True,Resistance,True,0,0,-1
a10cf30b,0,False,False,-1.5,False,Assassin,True,0,0,-1
eedfac53,0,False,False,-1.0,True,Resistance,False,0,0,-1
eedfac53,0,False,True,1.5,False,Spy,False,0,0,-1
eedfac53,0,False,False,-1.0,True,Merlin,False,0,0,-1
eedfac53,0,False,False,-1.0,True,Resistance,False,0,0,-1
eedfac53,0,False,True,1.5,False,Assassin,False,0,0,-1
6f492945,0,False,False,-1.0,True,Merlin,False,0,0,-1
6f492945,0,False,False,-1.0,True,Resistance,False,0,0,-1
6f492945,0,False,False,-1.0,True,Resistance,False,0,0,-1
6f492945,0,False,True,1.5,False,Spy,False,0,0,-1
6f492945,0,False,True,1.5,False,Assassin,False,0,0,-1
003eb7f1,0,False,True,1.5,False,Spy,False,0,0,-1
003eb7f1,0,False,False,-1.0,True,Merlin,False,0,0,-1
003eb7f1,0,False,True,1.5,False,Assassin,False,0,0,-1
003eb7f1,0,False,False,-1.0,True,Resistance,False,0,0,-1
003eb7f1,0,False,False,-1.0,True,Resistance,False,0,0,-1
bc8ac9bf,0,False,True,1.5,False,Spy,False,0,0,-1
bc8ac9bf,0,False,False,-1.0,True,Resistance,False,0,0,-1
bc8ac9bf,0,False,False,-1.0,True,Merlin,False,0,0,-1
bc8ac9bf,0,False,False,-1.0,True,Resistance,False,0,0,-1
bc8ac9bf,0,False,True,1.5,False,Assassin,False,0,0,-1
192201bf,0,False,False,-1.5,False,Assassin,True,0,0,-1
192201bf,0,False,False,-1.5,False,Spy,True,0,0,-1
192201bf,0,False,True,1.0,True,Resistance,True,0,0,-1
192201bf,0,False,True,1.0,True,Resistance,True,0,0,-1
192201bf,0,False,True,1.0,True,Merlin,True,0,0,-1
a9fc8b24,0,False,False,-1.0,True,Resistance,False,0,0,-1
a9fc8b24,0,False,False,-1.0,True,Resistance,False,0,0,-1
a9fc8b24,0,False,False,-1.0,True,Merlin,False,0,0,-1
a9fc8b24,0,False,True,1.5,False,Assassin,False,0,0,-1
a9fc8b24,0,False,True,1.5,False,Spy,False,0,0,-1
d1a82db6,0,False,False,-1.0,True,Resistance,False,0,0,-1
d1a82db6,0,False,False,-1.0,True,Resistance,False,0,0,-1
d1a82db6,0,False,True,1.5,False,Spy,False,0,0,-1
d1a82db6,0,False,False,-1.0,True,Merlin,False,0,0,-1
d1a82db6,0,False,True,1.5,False,Assassin,False,0,0,-1
b62fb2f5,0,False,False,-1.5,False,Spy,True,0,0,-1
b62fb2f5,0,False,True,1.0,True,Resistance,True,0,0,-1
b62fb2f5,0,False,False,-1.5,False,Assassin,True,0,0,-1
b62fb2f5,0,False,True,1.0,True,Merlin,True,0,0,-1
b62fb2f5,0,False,True,1.0,True,Resistance,True,0,0,-1
caaf2675,0,False,False,-1.0,True,Resistance,False,0,0,-1
caaf2675,0,False,True,1.5,False,Spy,False,0,0,-1
caaf2675,0,False,False,-1.0,True,Resistance,False,0,0,-1
caaf2675,0,False,True,1.5,False,Assassin,False,0,0,-1
caaf2675,0,False,False,-1.0,True,Merlin,False,0,0,-1
2c9ff475,0,False,True,1.5,False,Spy,False,0,0,-1
2c9ff475,0,False,False,-1.0,True,Merlin,False,0,0,-1
2c9ff475,0,False,False,-1.0,True,Resistance,False,0,0,-1
2c9ff475,0,False,False,-1.0,True,Resistance,False,0,0,-1
2c9ff475,0,False,True,1.5,False,Assassin,False,0,0,-1
2faadd30,0,False,False,-1.5,False,Assassin,True,0,0,-1
2faadd30,0,False,True,1.0,True,Resistance,True,0,0,-1
2faadd30,0,False,False,-1.5,False,Spy,True,0,0,-1
2faadd30,0,False,True,1.0,True,Resistance,True,0,0,-1
2faadd30,0,False,True,1.0,True,Merlin,True,0,0,-1
f650e2db,0,False,True,1.5,False,Spy,False,0,0,-1
f650e2db,0,False,False,-1.0,True,Resistance,False,0,0,-1
f650e2db,0,False,False,-1.0,True,Resistance,False,0,0,-1
f650e2db,0,False,False,-1.0,True,Merlin,False,0,0,-1
f650e2db,0,False,True,1.5,False,Assassin,False,0,0,-1
3ca11164,0,False,True,1.0,True,Resistance,True,0,0,-1
3ca11164,0,False,True,1.0,True,Resistance,True,0,0,-1
3ca11164,0,False,False,-1.5,False,Assassin,True,0,0,-1
3ca11164,0,False,False,-1.5,False,Spy,True,0,0,-1
3ca11164,0,False,True,1.0,True,Merlin,True,0,0,-1
3b6b0c28,0,False,True,1.5,False,Spy,False,0,0,-1
3b6b0c28,0,False,False,-1.0,True,Resistance,False,0,0,-1
3b6b0c28,0,False,False,-1.0,True,Resistance,False,0,0,-1
3b6b0c28,0,False,True,1.5,False,Assassin,False,0,0,-1
3b6b0c28,0,False,False,-1.0,True,Merlin,False,0,0,-1
f44aeaa3,0,False,False,-1.5,False,Spy,True,0,0,-1
f44aeaa3,0,False,False,-1.5,False,Assassin,True,0,0,-1
f44aeaa3,0,False,True,1.0,True,Merlin,True,0,0,-1
f44aeaa3,0,False,True,1.0,True,Resistance,True,0,0,-1
f44aeaa3,0,False,True,1.0,True,Resistance,True,0,0,-1
a2ce4067,0,False,False,-1.0,True,Merlin,False,0,0,-1
a2ce4067,0,False,False,-1.0,True,Resistance,False,0,0,-1
a2ce4067,0,False,True,1.5,False,Spy,False,0,0,-1
a2ce4067,0,False,False,-1.0,True,Resistance,False,0,0,-1
a2ce4067,0,False,True,1.5,False,Assassin,False,0,0,-1
bd57fb45,0,False,True,1.0,True,Resistance,True,0,0,-1
bd57fb45,0,False,True,1.0,True,Resistance,True,0,0,-1
bd57fb45,0,False,True,1.0,True,Merlin,True,0,0,-1
bd57fb45,0,False,False,-1.5,False,Spy,True,0,0,-1
bd57fb45,0,False,False,-1.5,False,Assassin,True,0,0,-1
4bbceb67,0,False,True,1.0,True,Resistance,True,0,0,-1
4bbceb67,0,False,True,1.0,True,Resistance,True,0,0,-1
4bbceb67,0,False,True,1.0,True,Merlin,True,0,0,-1
4bbceb67,0,False,False,-1.5,False,Assassin,True,0,0,-1
4bbceb67,0,False,False,-1.5,False,Spy,True,0,0,-1
81cc0250,0,False,False,-1.5,False,Spy,True,0,0,-1
81cc0250,0,False,True,1.0,True,Resistance,True,0,0,-1
81cc0250,0,False,True,1.0,True,Resistance,True,0,0,-1
81cc0250,0,False,True,1.0,True,Merlin,True,0,0,-1
81cc0250,0,False,False,-1.5,False,Assassin,True,0,0,-1
eb7342ad,0,False,True,1.5,False,Assassin,False,0,0,-1
eb7342ad,0,False,False,-1.0,True,Resistance,False,0,0,-1
eb7342ad,0,False,False,-1.0,True,Resistance,False,0,0,-1
eb7342ad,0,False,True,1.5,False,Spy,False,0,0,-1
eb7342ad,0,False,False,-1.0,True,Merlin,False,0,0,-1
14c557f8,0,False,False,-1.5,False,Assassin,True,0,0,-1
14c557f8,0,False,False,-1.5,False,Spy,True,0,0,-1
14c557f8,0,False,True,1.0,True,Resistance,True,0,0,-1
14c557f8,0,False,True,1.0,True,Resistance,True,0,0,-1
14c557f8,0,False,True,1.0,True,Merlin,True,0,0,-1
caaef69e,0,False,True,1.0,True,Resistance,True,0,0,-1
caaef69e,0,False,True,1.0,True,Resistance,True,0,0,-1
caaef69e,0,False,False,-1.5,False,Assassin,True,0,0,-1
caaef69e,0,False,False,-1.5,False,Spy,True,0,0,-1
caaef69e,0,False,True,1.0,True,Merlin,True,0,0,-1
33efbef8,0,False,False,-1.5,False,Spy,True,0,0,-1
33efbef8,0,False,True,1.0,True,Resistance,True,0,0,-1
33efbef8,0,False,False,-1.5,False,Assassin,True,0,0,-1
33efbef8,0,False,True,1.0,True,Resistance,True,0,0,-1
33efbef8,0,False,True,1.0,True,Merlin,True,0,0,-1
fc027324,0,False,False,-1.5,False,Assassin,True,0,0,-1
fc027324,0,False,True,1.0,True,Resistance,True,0,0,-1
fc027324,0,False,True,1.0,True,Merlin,True,0,0,-1
fc027324,0,False,False,-1.5,False,Spy,True,0,0,-1
fc027324,0,False,True,1.0,True,Resistance,True,0,0,-1
97e58690,0,False,False,-1.5,False,Assassin,True,0,0,-1
97e58690,0,False,True,1.0,True,Resistance,True,0,0,-1
97e58690,0,False,True,1.0,True,Resistance,True,0,0,-1
97e58690,0,False,True,1.0,True,Merlin,True,0,0,-1
97e58690,0,False,False,-1.5,False,Spy,True,0,0,-1
3b77d951,0,False,False,-1.0,True,Resistance,False,0,0,-1
3b77d951,0,False,False,-1.0,True,Merlin,False,0,0,-1
3b77d951,0,False,True,1.5,False,Spy,False,0,0,-1
3b77d951,0,False,True,1.5,False,Assassin,False,0,0,-1
3b77d951,0,False,False,-1.0,True,Resistance,False,0,0,-1
5836cbdd,0,False,False,-1.0,True,Resistance,False,0,0,-1
5836cbdd,0,False,False,-1.0,True,Resistance,False,0,0,-1
5836cbdd,0,False,True,1.5,False,Spy,False,0,0,-1
5836cbdd,0,False,False,-1.0,True,Merlin,False,0,0,-1
5836cbdd,0,False,True,1.5,False,Assassin,False,0,0,-1
71309b9f,0,False,True,1.5,False,Spy,False,0,0,-1
71309b9f,0,False,False,-1.0,True,Resistance,False,0,0,-1
71309b9f,0,False,True,1.5,False,Assassin,False,0,0,-1
71309b9f,0,False,False,-1.0,True,Resistance,False,0,0,-1
71309b9f,0,False,False,-1.0,True,Merlin,False,0,0,-1
2511a341,0,False,False,-1.0,True,Merlin,False,0,0,-1
2511a341,0,False,True,1.5,False,Assassin,False,0,0,-1
2511a341,0,False,True,1.5,False,Spy,False,0,0,-1
2511a341,0,False,False,-1.0,True,Resistance,False,0,0,-1
2511a341,0,False,False,-1.0,True,Resistance,False,0,0,-1
a0dcec1d,0,False,False,-1.0,True,Resistance,False,0,0,-1
a0dcec1d,0,False,False,-1.0,True,Merlin,False,0,0,-1
a0dcec1d,0,False,True,1.5,False,Spy,False,0,0,-1
a0dcec1d,0,False,True,1.5,False,Assassin,False,0,0,-1
a0dcec1d,0,False,False,-1.0,True,Resistance,False,0,0,-1
5112494f,0,False,False,-1.0,True,Resistance,False,0,0,-1
5112494f,0,False,True,1.5,False,Assassin,False,0,0,-1
5112494f,0,False,False,-1.0,True,Resistance,False,0,0,-1
5112494f,0,False,False,-1.0,True,Merlin,False,0,0,-1
5112494f,0,False,True,1.5,False,Spy,False,0,0,-1
ff611a65,0,False,False,-1.0,True,Resistance,False,0,0,-1
ff611a65,0,False,True,1.5,False,Assassin,False,0,0,-1
ff611a65,0,False,True,1.5,False,Spy,False,0,0,-1
ff611a65,0,False,False,-1.0,True,Merlin,False,0,0,-1
ff611a65,0,False,False,-1.0,True,Resistance,False,0,0,-1
d1f49619,0,False,False,-1.0,True,Resistance,False,0,0,-1
d1f49619,0,False,False,-1.0,True,Resistance,False,0,0,-1
d1f49619,0,False,False,-1.0,True,Merlin,False,0,0,-1
d1f49619,0,False,True,1.5,False,Spy,False,0,0,-1
d1f49619,0,False,True,1.5,False,Assassin,False,0,0,-1
08e99218,0,False,False,-1.0,True,Merlin,False,0,0,-1
08e99218,0,False,False,-1.0,True,Resistance,False,0,0,-1
08e99218,0,False,True,1.5,False,Assassin,False,0,0,-1
08e99218,0,False,False,-1.0,True,Resistance,False,0,0,-1
08e99218,0,False,True,1.5,False,Spy,False,0,0,-1
4fae0989,0,False,False,-1.0,True,Merlin,False,0,0,-1
4fae0989,0,False,False,-1.0,True,Resistance,False,0,0,-1
4fae0989,0,False,True,1.5,False,Assassin,False,0,0,-1
4fae0989,0,False,False,-1.0,True,Resistance,False,0,0,-1
4fae0989,0,False,True,1.5,False,Spy,False,0,0,-1
339ff651,0,False,False,-1.0,True,Resistance,False,0,0,-1
339ff651,0,False,True,1.5,False,Assassin,False,0,0,-1
339ff651,0,False,False,-1.0,True,Merlin,False,0,0,-1
339ff651,0,False,True,1.5,False,Spy,False,0,0,-1
339ff651,0,False,False,-1.0,True,Resistance,False,0,0,-1
b82c144d,0,False,False,-1.0,True,Merlin,False,0,0,-1
b82c144d,0,False,True,1.5,False,Spy,False,0,0,-1
b82c144d,0,False,False,-1.0,True,Resistance,False,0,0,-1
b82c144d,0,False,False,-1.0,True,Resistance,False,0,0,-1
b82c144d,0,False,True,1.5,False,Assassin,False,0,0,-1
5f6ae286,0,False,True,1.5,False,Spy,False,0,0,-1
5f6ae286,0,False,False,-1.0,True,Merlin,False,0,0,-1
5f6ae286,0,False,True,1.5,False,Assassin,False,0,0,-1
5f6ae286,0,False,False,-1.0,True,Resistance,False,0,0,-1
5f6ae286,0,False,False,-1.0,True,Resistance,False,0,0,-1
20d8d117,0,False,False,-1.0,True,Resistance,False,0,0,-1
20d8d117,0,False,True,1.5,False,Spy,False,0,0,-1
20d8d117,0,False,False,-1.0,True,Resistance,False,0,0,-1
20d8d117,0,False,False,-1.0,True,Merlin,False,0,0,-1
20d8d117,0,False,True,1.5,False,Assassin,False,0,0,-1
3e57b7da,0,False,False,-1.0,True,Resistance,False,0,0,-1
3e57b7da,0,False,True,1.5,False,Assassin,False,0,0,-1
3e57b7da,0,False,False,-1.0,True,Resistance,False,0,0,-1
3e57b7da,0,False,True,1.5,False,Spy,False,0,0,-1
3e57b7da,0,False,False,-1.0,True,Merlin,False,0,0,-1
cd208bdc,0,False,False,-1.0,True,Resistance,False,0,0,-1
cd208bdc,0,False,False,-1.0,True,Merlin,False,0,0,-1
cd208bdc,0,False,True,1.5,False,Assassin,False,0,0,-1
cd208bdc,0,False,True,1.5,False,Spy,False,0,0,-1
cd208bdc,0,False,False,-1.0,True,Resistance,False,0,0,-1
3f7dba0c,0,False,True,1.5,False,Assassin,False,0,0,-1
3f7dba0c,0,False,True,1.5,False,Spy,False,0,0,-1
3f7dba0c,0,False,False,-1.0,True,Merlin,False,0,0,-1
3f7dba0c,0,False,False,-1.0,True,Resistance,False,0,0,-1
3f7dba0c,0,False,False,-1.0,True,Resistance,False,0,0,-1
e4337822,0,False,True,1.5,False,Spy,False,0,0,-1
e4337822,0,False,False,-1.0,True,Merlin,False,0,0,-1
e4337822,0,False,False,-1.0,True,Resistance,False,0,0,-1
e4337822,0,False,True,1.5,False,Assassin,False,0,0,-1
e4337822,0,False,False,-1.0,True,Resistance,False,0,0,-1
dc8e742a,0,False,True,1.0,True,Resistance,True,0,0,-1
dc8e742a,0,False,False,-1.5,False,Spy,True,0,0,-1
dc8e742a,0,False,True,1.0,True,Merlin,True,0,0,-1
dc8e742a,0,False,True,1.0,True,Resistance,True,0,0,-1
dc8e742a,0,False,False,-1.5,False,Assassin,True,0,0,-1
e67b9add,0,False,True,1.0,True,Merlin,True,0,0,-1
e67b9add,0,False,False,-1.5,False,Spy,True,0,0,-1
e67b9add,0,False,True,1.0,True,Resistance,True,0,0,-1
e67b9add,0,False,False,-1.5,False,Assassin,True,0,0,-1
e67b9add,0,False,True,1.0,True,Resistance,True,0,0,-1
30389029,0,False,False,-1.0,True,Merlin,False,0,0,-1
30389029,0,False,False,-1.0,True,Resistance,False,0,0,-1
30389029,0,False,True,1.5,False,Assassin,False,0,0,-1
30389029,0,False,False,-1.0,True,Resistance,False,0,0,-1
30389029,0,False,True,1.5,False,Spy,False,0,0,-1
e7bf53fb,0,False,False,-1.0,True,Merlin,False,0,0,-1
e7bf53fb,0,False,False,-1.0,True,Resistance,False,0,0,-1
e7bf53fb,0,False,True,1.5,False,Assassin,False,0,0,-1
e7bf53fb,0,False,False,-1.0,True,Resistance,False,0,0,-1
e7bf53fb,0,False,True,1.5,False,Spy,False,0,0,-1
419c7b70,0,False,False,-1.0,True,Merlin,False,0,0,-1
419c7b70,0,False,True,1.5,False,Spy,False,0,0,-1
419c7b70,0,False,False,-1.0,True,Resistance,False,0,0,-1
419c7b70,0,False,True,1.5,False,Assassin,False,0,0,-1
419c7b70,0,False,False,-1.0,True,Resistance,False,0,0,-1
636bda3c,0,False,False,-1.0,True,Resistance,False,0,0,-1
636bda3c,0,False,False,-1.0,True,Resistance,False,0,0,-1
636bda3c,0,False,False,-1.0,True,Merlin,False,0,0,-1
636bda3c,0,False,True,1.5,False,Spy,False,0,0,-1
636bda3c,0,False,True,1.5,False,Assassin,False,0,0,-1
1781a495,0,False,True,1.0,True,Resistance,True,0,0,-1
1781a495,0,False,False,-1.5,False,Assassin,True,0,0,-1
1781a495,0,False,True,1.0,True,Merlin,True,0,0,-1
1781a495,0,False,False,-1.5,False,Spy,True,0,0,-1
1781a495,0,False,True,1.0,True,Resistance,True,0,0,-1
96471bba,0,False,False,-1.5,False,Assassin,True,0,0,-1
96471bba,0,False,False,-1.5,False,Spy,True,0,0,-1
96471bba,0,False,True,1.0,True,Resistance,True,0,0,-1
96471bba,0,False,True,1.0,True,Resistance,True,0,0,-1
96471bba,0,False,True,1.0,True,Merlin,True,0,0,-1
948422cb,0,False,False,-1.0,True,Merlin,False,0,0,-1
948422cb,0,False,True,1.5,False,Assassin,False,0,0,-1
948422cb,0,False,False,-1.0,True,Resistance,False,0,0,-1
948422cb,0,False,False,-1.0,True,Resistance,False,0,0,-1
948422cb,0,False,True,1.5,False,Spy,False,0,0,-1
2e2c50ef,0,False,False,-1.0,True,Resistance,False,0,0,-1
2e2c50ef,0,False,True,1.5,False,Assassin,False,0,0,-1
2e2c50ef,0,False,False,-1.0,True,Merlin,False,0,0,-1
2e2c50ef,0,False,False,-1.0,True,Resistance,False,0,0,-1
2e2c50ef,0,False,True,1.5,False,Spy,False,0,0,-1
d17996ae,0,False,False,-1.0,True,Resistance,False,0,0,-1
d17996ae,0,False,False,-1.0,True,Resistance,False,0,0,-1
d17996ae,0,False,False,-1.0,True,Merlin,False,0,0,-1
d17996ae,0,False,True,1.5,False,Spy,False,0,0,-1
d17996ae,0,False,True,1.5,False,Assassin,False,0,0,-1
d0ad0b63,0,False,True,1.0,True,Resistance,True,0,0,-1
d0ad0b63,0,False,False,-1.5,False,Spy,True,0,0,-1
d0ad0b63,0,False,True,1.0,True,Resistance,True,0,0,-1
d0ad0b63,0,False,True,1.0,True,Merlin,True,0,0,-1
d0ad0b63,0,False,False,-1.5,False,Assassin,True,0,0,-1
1bf3d4d0,0,False,False,-1.5,False,Spy,True,0,0,-1
1bf3d4d0,0,False,True,1.0,True,Resistance,True,0,0,-1
1bf3d4d0,0,False,False,-1.5,False,Assassin,True,0,0,-1
1bf3d4d0,0,False,True,1.0,True,Merlin,True,0,0,-1
1bf3d4d0,0,False,True,1.0,True,Resistance,True,0,0,-1
6ac35b84,0,False,True,1.5,False,Spy,False,0,0,-1
6ac35b84,0,False,False,-1.0,True,Resistance,False,0,0,-1
6ac35b84,0,False,False,-1.0,True,Merlin,False,0,0,-1
6ac35b84,0,False,False,-1.0,True,Resistance,False,0,0,-1
6ac35b84,0,False,True,1.5,False,Assassin,False,0,0,-1
a1a278ba,0,False,False,-1.0,True,Resistance,False,0,0,-1
a1a278ba,0,False,True,1.5,False,Assassin,False,0,0,-1
a1a278ba,0,False,True,1.5,False,Spy,False,0,0,-1
a1a278ba,0,False,False,-1.0,True,Resistance,False,0,0,-1
a1a278ba,0,False,False,-1.0,True,Merlin,False,0,0,-1
eecbf66d,0,False,True,1.5,False,Spy,False,0,0,-1
eecbf66d,0,False,False,-1.0,True,Resistance,False,0,0,-1
eecbf66d,0,False,False,-1.0,True,Merlin,False,0,0,-1
eecbf66d,0,False,True,1.5,False,Assassin,False,0,0,-1
eecbf66d,0,False,False,-1.0,True,Resistance,False,0,0,-1
e81b2966,0,False,True,1.0,True,Resistance,True,0,0,-1
e81b2966,0,False,True,1.0,True,Resistance,True,0,0,-1
e81b2966,0,False,True,1.0,True,Merlin,True,0,0,-1
e81b2966,0,False,False,-1.5,False,Assassin,True,0,0,-1
e81b2966,0,False,False,-1.5,False,Spy,True,0,0,-1
4536b62c,0,False,False,-1.0,True,Resistance,False,0,0,-1
4536b62c,0,False,False,-1.0,True,Merlin,False,0,0,-1
4536b62c,0,False,True,1.5,False,Assassin,False,0,0,-1
4536b62c,0,False,False,-1.0,True,Resistance,False,0,0,-1
4536b62c,0,False,True,1.5,False,Spy,False,0,0,-1
a73806d6,0,False,False,-1.0,True,Resistance,False,0,0,-1
a73806d6,0,False,True,1.5,False,Spy,False,0,0,-1
a73806d6,0,False,True,1.5,False,Assassin,False,0,0,-1
a73806d6,0,False,False,-1.0,True,Merlin,False,0,0,-1
a73806d6,0,False,False,-1.0,True,Resistance,False,0,0,-1
f3e39d41,0,False,False,-1.5,False,Assassin,True,0,0,-1
f3e39d41,0,False,True,1.0,True,Resistance,True,0,0,-1
f3e39d41,0,False,False,-1.5,False,Spy,True,0,0,-1
f3e39d41,0,False,True,1.0,True,Merlin,True,0,0,-1
f3e39d41,0,False,True,1.0,True,Resistance,True,0,0,-1
3e1def1f,0,False,True,1.0,True,Resistance,True,0,0,-1
3e1def1f,0,False,False,-1.5,False,Spy,True,0,0,-1
3e1def1f,0,False,False,-1.5,False,Assassin,True,0,0,-1
3e1def1f,0,False,True,1.0,True,Resistance,True,0,0,-1
3e1def1f,0,False,True,1.0,True,Merlin,True,0,0,-1
0ecf07d3,0,False,True,1.0,True,Merlin,True,0,0,-1
0ecf07d3,0,False,True,1.0,True,Resistance,True,0,0,-1
0ecf07d3,0,False,True,1.0,True,Resistance,True,0,0,-1
0ecf07d3,0,False,False,-1.5,False,Spy,True,0,0,-1
0ecf07d3,0,False,False,-1.5,False,Assassin,True,0,0,-1
82e66577,0,False,False,-1.0,True,Resistance,False,0,0,-1
82e66577,0,False,False,-1.0,True,Resistance,False,0,0,-1
82e66577,0,False,True,1.5,False,Spy,False,0,0,-1
82e66577,0,False,False,-1.0,True,Merlin,False,0,0,-1
82e66577,0,False,True,1.5,False,Assassin,False,0,0,-1
4152618a,0,False,True,1.5,False,Spy,False,0,0,-1
4152618a,0,False,True,1.5,False,Assassin,False,0,0,-1
4152618a,0,False,False,-1.0,True,Merlin,False,0,0,-1
4152618a,0,False,False,-1.0,True,Resistance,False,0,0,-1
4152618a,0,False,False,-1.0,True,Resistance,False,0,0,-1
f249e8fa,0,False,True,1.0,True,Merlin,True,0,0,-1
f249e8fa,0,False,False,-1.5,False,Spy,True,0,0,-1
f249e8fa,0,False,False,-1.5,False,Assassin,True,0,0,-1
f249e8fa,0,False,True,1.0,True,Resistance,True,0,0,-1
f249e8fa,0,False,True,1.0,True,Resistance,True,0,0,-1
cd8b8d42,0,False,True,1.5,False,Spy,False,0,0,-1
cd8b8d42,0,False,False,-1.0,True,Resistance,False,0,0,-1
cd8b8d42,0,False,False,-1.0,True,Resistance,False,0,0,-1
cd8b8d42,0,False,True,1.5,False,Assassin,False,0,0,-1
cd8b8d42,0,False,False,-1.0,True,Merlin,False,0,0,-1
6b1fd72a,0,False,True,1.5,False,Assassin,False,0,0,-1
6b1fd72a,0,False,False,-1.0,True,Merlin,False,0,0,-1
6b1fd72a,0,False,False,-1.0,True,Resistance,False,0,0,-1
6b1fd72a,0,False,True,1.5,False,Spy,False,0,0,-1
6b1fd72a,0,False,False,-1.0,True,Resistance,False,0,0,-1
c3da0d06,0,False,False,-1.0,True,Resistance,False,0,0,-1
c3da0d06,0,False,True,1.5,False,Assassin,False,0,0,-1
c3da0d06,0,False,False,-1.0,True,Resistance,False,0,0,-1
c3da0d06,0,False,False,-1.0,True,Merlin,False,0,0,-1
c3da0d06,0,False,True,1.5,False,Spy,False,0,0,-1
345dbbbb,0,False,True,1.0,True,Resistance,True,0,0,-1
345dbbbb,0,False,False,-1.5,False,Spy,True,0,0,-1
345dbbbb,0,False,True,1.0,True,Merlin,True,0,0,-1
345dbbbb,0,False,True,1.0,True,Resistance,True,0,0,-1
345dbbbb,0,False,False,-1.5,False,Assassin,True,0,0,-1
d5427ef9,0,False,False,-1.5,False,Spy,True,0,0,-1
d5427ef9,0,False,True,1.0,True,Resistance,True,0,0,-1
d5427ef9,0,False,True,1.0,True,Resistance,True,0,0,-1
d5427ef9,0,False,True,1.0,True,Merlin,True,0,0,-1
d5427ef9,0,False,False,-1.5,False,Assassin,True,0,0,-1
7d1ac257,0,False,True,1.0,True,Resistance,True,0,0,-1
7d1ac257,0,False,True,1.0,True,Resistance,True,0,0,-1
7d1ac257,0,False,True,1.0,True,Merlin,True,0,0,-1
7d1ac257,0,False,False,-1.5,False,Assassin,True,0,0,-1
7d1ac257,0,False,False,-1.5,False,Spy,True,0,0,-1
8599a6b3,0,False,True,1.5,False,Assassin,False,0,0,-1
8599a6b3,0,False,True,1.5,False,Spy,False,0,0,-1
8599a6b3,0,False,False,-1.0,True,Resistance,False,0,0,-1
8599a6b3,0,False,False,-1.0,True,Resistance,False,0,0,-1
8599a6b3,0,False,False,-1.0,True,Merlin,False,0,0,-1
b1ffdd60,0,False,False,-1.0,True,Resistance,False,0,0,-1
b1ffdd60,0,False,True,1.5,False,Spy,False,0,0,-1
b1ffdd60,0,False,True,1.5,False,Assassin,False,0,0,-1
b1ffdd60,0,False,False,-1.0,True,Resistance,False,0,0,-1
b1ffdd60,0,False,False,-1.0,True,Merlin,False,0,0,-1
10d4d198,0,False,False,-1.0,True,Merlin,False,0,0,-1
10d4d198,0,False,False,-1.0,True,Resistance,False,0,0,-1
10d4d198,0,False,False,-1.0,True,Resistance,False,0,0,-1
10d4d198,0,False,True,1.5,False,Assassin,False,0,0,-1
10d4d198,0,False,True,1.5,False,Spy,False,0,0,-1
c8d152f4,0,False,False,-1.0,True,Resistance,False,0,0,-1
c8d152f4,0,False,True,1.5,False,Spy,False,0,0,-1
c8d152f4,0,False,False,-1.0,True,Merlin,False,0,0,-1
c8d152f4,0,False,False,-1.0,True,Resistance,False,0,0,-1
c8d152f4,0,False,True,1.5,False,Assassin,False,0,0,-1
9873c363,0,False,False,-1.0,True,Merlin,False,0,0,-1
9873c363,0,False,True,1.5,False,Assassin,False,0,0,-1
9873c363,0,False,False,-1.0,True,Resistance,False,0,0,-1
9873c363,0,False,True,1.5,False,Spy,False,0,0,-1
9873c363,0,False,False,-1.0,True,Resistance,False,0,0,-1
c97a6b1b,0,False,False,-1.0,True,Resistance,False,0,0,-1
c97a6b1b,0,False,False,-1.0,True,Resistance,False,0,0,-1
c97a6b1b,0,False,False,-1.0,True,Merlin,False,0,0,-1
c97a6b1b,0,False,True,1.5,False,Assassin,False,0,0,-1
c97a6b1b,0,False,True,1.5,False,Spy,False,0,0,-1
88194a66,0,False,False,-1.0,True,Merlin,False,0,0,-1
88194a66,0,False,False,-1.0,True,Resistance,False,0,0,-1
88194a66,0,False,False,-1.0,True,Resistance,False,0,0,-1
88194a66,0,False,True,1.5,False,Spy,False,0,0,-1
88194a66,0,False,True,1.5,False,Assassin,False,0,0,-1
d7702c87,0,False,True,1.5,False,Spy,False,0,0,-1
d7702c87,0,False,True,1.5,False,Assassin,False,0,0,-1
d7702c87,0,False,False,-1.0,True,Resistance,False,0,0,-1
d7702c87,0,False,False,-1.0,True,Resistance,False,0,0,-1
d7702c87,0,False,False,-1.0,True,Merlin,False,0,0,-1
25d86dcf,0,False,True,1.5,False,Spy,False,0,0,-1
25d86dcf,0,False,False,-1.0,True,Merlin,False,0,0,-1
25d86dcf,0,False,False,-1.0,True,Resistance,False,0,0,-1
25d86dcf,0,False,False,-1.0,True,Resistance,False,0,0,-1
25d86dcf,0,False,True,1.5,False,Assassin,False,0,0,-1
c749e045,0,False,False,-1.5,False,Assassin,True,0,0,-1
c749e045,0,False,True,1.0,True,Resistance,True,0,0,-1
c749e045,0,False,True,1.0,True,Merlin,True,0,0,-1
c749e045,0,False,True,1.0,True,Resistance,True,0,0,-1
c749e045,0,False,False,-1.5,False,Spy,True,0,0,-1
dcfffbaf,0,False,True,1.0,True,Resistance,True,0,0,-1
dcfffbaf,0,False,True,1.0,True,Merlin,True,0,0,-1
dcfffbaf,0,False,False,-1.5,False,Spy,True,0,0,-1
dcfffbaf,0,False,False,-1.5,False,Assassin,True,0,0,-1
dcfffbaf,0,False,True,1.0,True,Resistance,True,0,0,-1
dc95463d,0,False,False,-1.0,True,Merlin,False,0,0,-1
dc95463d,0,False,False,-1.0,True,Resistance,False,0,0,-1
dc95463d,0,False,True,1.5,False,Assassin,False,0,0,-1
dc95463d,0,False,True,1.5,False,Spy,False,0,0,-1
dc95463d,0,False,False,-1.0,True,Resistance,False,0,0,-1
5415bd8f,0,False,True,1.0,True,Resistance,True,0,0,-1
5415bd8f,0,False,False,-1.5,False,Assassin,True,0,0,-1
5415bd8f,0,False,True,1.0,True,Resistance,True,0,0,-1
5415bd8f,0,False,True,1.0,True,Merlin,True,0,0,-1
5415bd8f,0,False,False,-1.5,False,Spy,True,0,0,-1
cacca429,0,False,False,-1.0,True,Resistance,False,0,0,-1
cacca429,0,False,True,1.5,False,Assassin,False,0,0,-1
cacca429,0,False,False,-1.0,True,Merlin,False,0,0,-1
cacca429,0,False,True,1.5,False,Spy,False,0,0,-1
cacca429,0,False,False,-1.0,True,Resistance,False,0,0,-1
fe528f52,0,False,False,-1.0,True,Merlin,False,0,0,-1
fe528f52,0,False,True,1.5,False,Assassin,False,0,0,-1
fe528f52,0,False,False,-1.0,True,Resistance,False,0,0,-1
fe528f52,0,False,False,-1.0,True,Resistance,False,0,0,-1
fe528f52,0,False,True,1.5,False,Spy,False,0,0,-1
fe22e7b2,0,False,False,-1.0,True,Resistance,False,0,0,-1
fe22e7b2,0,False,False,-1.0,True,Resistance,False,0,0,-1
fe22e7b2,0,False,False,-1.0,True,Merlin,False,0,0,-1
fe22e7b2,0,False,True,1.5,False,Assassin,False,0,0,-1
fe22e7b2,0,False,True,1.5,False,Spy,False,0,0,-1
c57c1a39,0,False,True,1.5,False,Assassin,False,0,0,-1
c57c1a39,0,False,False,-1.0,True,Merlin,False,0,0,-1
c57c1a39,0,False,False,-1.0,True,Resistance,False,0,0,-1
c57c1a39,0,False,False,-1.0,True,Resistance,False,0,0,-1
c57c1a39,0,False,True,1.5,False,Spy,False,0,0,-1
74f16762,0,False,True,1.5,False,Spy,False,0,0,-1
74f16762,0,False,False,-1.0,True,Resistance,False,0,0,-1
74f16762,0,False,True,1.5,False,Assassin,False,0,0,-1
74f16762,0,False,False,-1.0,True,Merlin,False,0,0,-1
74f16762,0,False,False,-1.0,True,Resistance,False,0,0,-1
de4d5bc0,0,False,False,-1.0,True,Resistance,False,0,0,-1
de4d5bc0,0,False,True,1.5,False,Spy,False,0,0,-1
de4d5bc0,0,False,True,1.5,False,Assassin,False,0,0,-1
de4d5bc0,0,False,False,-1.0,True,Resistance,False,0,0,-1
de4d5bc0,0,False,False,-1.0,True,Merlin,False,0,0,-1
d589a351,0,False,True,1.5,False,Assassin,False,0,0,-1
d589a351,0,False,True,1.5,False,Spy,False,0,0,-1
d589a351,0,False,False,-1.0,True,Resistance,False,0,0,-1
d589a351,0,False,False,-1.0,True,Resistance,False,0,0,-1
d589a351,0,False,False,-1.0,True,Merlin,False,0,0,-1
e92838bf,0,False,False,-1.0,True,Resistance,False,0,0,-1
e92838bf,0,False,False,-1.0,True,Merlin,False,0,0,-1
e92838bf,0,False,True,1.5,False,Assassin,False,0,0,-1
e92838bf,0,False,True,1.5,False,Spy,False,0,0,-1
e92838bf,0,False,False,-1.0,True,Resistance,False,0,0,-1
b824d2b5,0,False,True,1.0,True,Resistance,True,0,0,-1
b824d2b5,0,False,False,-1.5,False,Spy,True,0,0,-1
b824d2b5,0,False,True,1.0,True,Merlin,True,0,0,-1
b824d2b5,0,False,False,-1.5,False,Assassin,True,0,0,-1
b824d2b5,0,False,True,1.0,True,Resistance,True,0,0,-1
d11a4c14,0,False,False,-1.5,False,Assassin,True,0,0,-1
d11a4c14,0,False,True,1.0,True,Merlin,True,0,0,-1
d11a4c14,0,False,True,1.0,True,Resistance,True,0,0,-1
d11a4c14,0,False,True,1.0,True,Resistance,True,0,0,-1
d11a4c14,0,False,False,-1.5,False,Spy,True,0,0,-1
2325ccd9,0,False,False,-1.5,False,Assassin,True,0,0,-1
2325ccd9,0,False,True,1.0,True,Resistance,True,0,0,-1
2325ccd9,0,False,True,1.0,True,Merlin,True,0,0,-1
2325ccd9,0,False,False,-1.5,False,Spy,True,0,0,-1
2325ccd9,0,False,True,1.0,True,Resistance,True,0,0,-1
4c5f3be3,0,False,False,-1.5,False,Assassin,True,0,0,-1
4c5f3be3,0,False,True,1.0,True,Merlin,True,0,0,-1
4c5f3be3,0,False,True,1.0,True,Resistance,True,0,0,-1
4c5f3be3,0,False,False,-1.5,False,Spy,True,0,0,-1
4c5f3be3,0,False,True,1.0,True,Resistance,True,0,0,-1
ca0f7a90,0,False,False,-1.5,False,Assassin,True,0,0,-1
ca0f7a90,0,False,True,1.0,True,Resistance,True,0,0,-1
ca0f7a90,0,False,True,1.0,True,Resistance,True,0,0,-1
ca0f7a90,0,False,True,1.0,True,Merlin,True,0,0,-1
ca0f7a90,0,False,False,-1.5,False,Spy,True,0,0,-1
82a4cd6f,0,False,True,1.5,False,Assassin,False,0,0,-1
82a4cd6f,0,False,True,1.5,False,Spy,False,0,0,-1
82a4cd6f,0,False,False,-1.0,True,Resistance,False,0,0,-1
82a4cd6f,0,False,False,-1.0,True,Resistance,False,0,0,-1
82a4cd6f,0,False,False,-1.0,True,Merlin,False,0,0,-1
6c03c929,0,False,True,1.5,False,Spy,False,0,0,-1
6c03c929,0,False,True,1.5,False,Assassin,False,0,0,-1
6c03c929,0,False,False,-1.0,True,Resistance,False,0,0,-1
6c03c929,0,False,False,-1.0,True,Merlin,False,0,0,-1
6c03c929,0,False,False,-1.0,True,Resistance,False,0,0,-1
5e456de9,0,False,False,-1.0,True,Merlin,False,0,0,-1
5e456de9,0,False,True,1.5,False,Spy,False,0,0,-1
5e456de9,0,False,False,-1.0,True,Resistance,False,0,0,-1
5e456de9,0,False,False,-1.0,True,Resistance,False,0,0,-1
5e456de9,0,False,True,1.5,False,Assassin,False,0,0,-1
f6da553c,0,False,False,-1.0,True,Resistance,False,0,0,-1
f6da553c,0,False,True,1.5,False,Assassin,False,0,0,-1
f6da553c,0,False,True,1.5,False,Spy,False,0,0,-1
f6da553c,0,False,False,-1.0,True,Merlin,False,0,0,-1
f6da553c,0,False,False,-1.0,True,Resistance,False,0,0,-1
21cceac2,0,False,False,-1.5,False,Assassin,True,0,0,-1
21cceac2,0,False,True,1.0,True,Merlin,True,0,0,-1
21cceac2,0,False,True,1.0,True,Resistance,True,0,0,-1
21cceac2,0,False,False,-1.5,False,Spy,True,0,0,-1
21cceac2,0,False,True,1.0,True,Resistance,True,0,0,-1
2b58c19f,0,False,True,1.0,True,Resistance,True,0,0,-1
2b58c19f,0,False,False,-1.5,False,Assassin,True,0,0,-1
2b58c19f,0,False,True,1.0,True,Resistance,True,0,0,-1
2b58c19f,0,False,True,1.0,True,Merlin,True,0,0,-1
2b58c19f,0,False,False,-1.5,False,Spy,True,0,0,-1
730308ab,0,False,False,-1.5,False,Spy,True,0,0,-1
730308ab,0,False,True,1.0,True,Resistance,True,0,0,-1
730308ab,0,False,True,1.0,True,Resistance,True,0,0,-1
730308ab,0,False,True,1.0,True,Merlin,True,0,0,-1
730308ab,0,False,False,-1.5,False,Assassin,True,0,0,-1
033af101,0,False,False,-1.0,True,Resistance,False,0,0,-1
033af101,0,False,False,-1.0,True,Merlin,False,0,0,-1
033af101,0,False,True,1.5,False,Assassin,False,0,0,-1
033af101,0,False,True,1.5,False,Spy,False,0,0,-1
033af101,0,False,False,-1.0,True,Resistance,False,0,0,-1
19dceac8,0,False,False,-1.0,True,Resistance,False,0,0,-1
19dceac8,0,False,False,-1.0,True,Resistance,False,0,0,-1
19dceac8,0,False,True,1.5,False,Spy,False,0,0,-1
19dceac8,0,False,False,-1.0,True,Merlin,False,0,0,-1
19dceac8,0,False,True,1.5,False,Assassin,False,0,0,-1
301867bf,0,False,True,1.5,False,Assassin,False,0,0,-1
301867bf,0,False,False,-1.0,True,Merlin,False,0,0,-1
301867bf,0,False,True,1.5,False,Spy,False,0,0,-1
301867bf,0,False,False,-1.0,True,Resistance,False,0,0,-1
301867bf,0,False,False,-1.0,True,Resistance,False,0,0,-1
9bcd48f3,0,False,False,-1.5,False,Spy,True,0,0,-1
9bcd48f3,0,False,True,1.0,True,Resistance,True,0,0,-1
9bcd48f3,0,False,True,1.0,True,Merlin,True,0,0,-1
9bcd48f3,0,False,False,-1.5,False,Assassin,True,0,0,-1
9bcd48f3,0,False,True,1.0,True,Resistance,True,0,0,-1
46cd5686,0,False,True,1.0,True,Resistance,True,0,0,-1
46cd5686,0,False,True,1.0,True,Resistance,True,0,0,-1
46cd5686,0,False,False,-1.5,False,Assassin,True,0,0,-1
46cd5686,0,False,False,-1.5,False,Spy,True,0,0,-1
46cd5686,0,False,True,1.0,True,Merlin,True,0,0,-1
1cf9dd56,0,False,True,1.5,False,Spy,False,0,0,-1
1cf9dd56,0,False,False,-1.0,True,Merlin,False,0,0,-1
1cf9dd56,0,False,True,1.5,False,Assassin,False,0,0,-1
1cf9dd56,0,False,False,-1.0,True,Resistance,False,0,0,-1
1cf9dd56,0,False,False,-1.0,True,Resistance,False,0,0,-1
5b2de3f5,0,False,False,-1.0,True,Merlin,False,0,0,-1
5b2de3f5,0,False,True,1.5,False,Spy,False,0,0,-1
5b2de3f5,0,False,False,-1.0,True,Resistance,False,0,0,-1
5b2de3f5,0,False,True,1.5,False,Assassin,False,0,0,-1
5b2de3f5,0,False,False,-1.0,True,Resistance,False,0,0,-1
71e09133,0,False,True,1.0,True,Resistance,True,0,0,-1
71e09133,0,False,True,1.0,True,Resistance,True,0,0,-1
71e09133,0,False,False,-1.5,False,Assassin,True,0,0,-1
71e09133,0,False,True,1.0,True,Merlin,True,0,0,-1
71e09133,0,False,False,-1.5,False,Spy,True,0,0,-1
dd9358af,0,False,False,-1.0,True,Resistance,False,0,0,-1
dd9358af,0,False,False,-1.0,True,Resistance,False,0,0,-1
dd9358af,0,False,False,-1.0,True,Merlin,False,0,0,-1
dd9358af,0,False,True,1.5,False,Spy,False,0,0,-1
dd9358af,0,False,True,1.5,False,Assassin,False,0,0,-1
79c6b05f,0,False,True,1.0,True,Merlin,True,0,0,-1
79c6b05f,0,False,False,-1.5,False,Assassin,True,0,0,-1
79c6b05f,0,False,True,1.0,True,Resistance,True,0,0,-1
79c6b05f,0,False,True,1.0,True,Resistance,True,0,0,-1
79c6b05f,0,False,False,-1.5,False,Spy,True,0,0,-1
0c68f042,0,False,True,1.0,True,Resistance,True,0,0,-1
0c68f042,0,False,False,-1.5,False,Spy,True,0,0,-1
0c68f042,0,False,True,1.0,True,Merlin,True,0,0,-1
0c68f042,0,False,True,1.0,True,Resistance,True,0,0,-1
0c68f042,0,False,False,-1.5,False,Assassin,True,0,0,-1
bf884b45,0,False,True,1.0,True,Resistance,True,0,0,-1
bf884b45,0,False,False,-1.5,False,Spy,True,0,0,-1
bf884b45,0,False,True,1.0,True,Merlin,True,0,0,-1
bf884b45,0,False,False,-1.5,False,Assassin,True,0,0,-1
bf884b45,0,False,True,1.0,True,Resistance,True,0,0,-1
95861bd4,0,False,True,1.0,True,Merlin,True,0,0,-1
95861bd4,0,False,True,1.0,True,Resistance,True,0,0,-1
95861bd4,0,False,True,1.0,True,Resistance,True,0,0,-1
95861bd4,0,False,False,-1.5,False,Assassin,True,0,0,-1
95861bd4,0,False,False,-1.5,False,Spy,True,0,0,-1
6f23c455,0,False,False,-1.0,True,Resistance,False,0,0,-1
6f23c455,0,False,False,-1.0,True,Resistance,False,0,0,-1
6f23c455,0,False,True,1.5,False,Spy,False,0,0,-1
6f23c455,0,False,True,1.5,False,Assassin,False,0,0,-1
6f23c455,0,False,False,-1.0,True,Merlin,False,0,0,-1
7081aab1,0,False,False,-1.0,True,Resistance,False,0,0,-1
7081aab1,0,False,False,-1.0,True,Resistance,False,0,0,-1
7081aab1,0,False,True,1.5,False,Assassin,False,0,0,-1
7081aab1,0,False,False,-1.0,True,Merlin,False,0,0,-1
7081aab1,0,False,True,1.5,False,Spy,False,0,0,-1
5e9547ce,0,False,True,1.5,False,Assassin,False,0,0,-1
5e9547ce,0,False,False,-1.0,True,Resistance,False,0,0,-1
5e9547ce,0,False,False,-1.0,True,Resistance,False,0,0,-1
5e9547ce,0,False,False,-1.0,True,Merlin,False,0,0,-1
5e9547ce,0,False,True,1.5,False,Spy,False,0,0,-1
48ab51df,0,False,True,1.5,False,Spy,False,0,0,-1
48ab51df,0,False,False,-1.0,True,Merlin,False,0,0,-1
48ab51df,0,False,False,-1.0,True,Resistance,False,0,0,-1
48ab51df,0,False,False,-1.0,True,Resistance,False,0,0,-1
48ab51df,0,False,True,1.5,False,Assassin,False,0,0,-1
79b6c503,0,False,True,1.0,True,Resistance,True,0,0,-1
79b6c503,0,False,True,1.0,True,Resistance,True,0,0,-1
79b6c503,0,False,False,-1.5,False,Spy,True,0,0,-1
79b6c503,0,False,False,-1.5,False,Assassin,True,0,0,-1
79b6c503,0,False,True,1.0,True,Merlin,True,0,0,-1
4e70ece1,0,False,False,-1.0,True,Resistance,False,0,0,-1
4e70ece1,0,False,True,1.5,False,Assassin,False,0,0,-1
4e70ece1,0,False,False,-1.0,True,Merlin,False,0,0,-1
4e70ece1,0,False,True,1.5,False,Spy,False,0,0,-1
4e70ece1,0,False,False,-1.0,True,Resistance,False,0,0,-1
d5e83743,0,False,False,-1.0,True,Resistance,False,0,0,-1
d5e83743,0,False,False,-1.0,True,Resistance,False,0,0,-1
d5e83743,0,False,True,1.5,False,Spy,False,0,0,-1
d5e83743,0,False,False,-1.0,True,Merlin,False,0,0,-1
d5e83743,0,False,True,1.5,False,Assassin,False,0,0,-1
6975231d,0,False,True,1.0,True,Resistance,True,0,0,-1
6975231d,0,False,True,1.0,True,Resistance,True,0,0,-1
6975231d,0,False,True,1.0,True,Merlin,True,0,0,-1
6975231d,0,False,False,-1.5,False,Assassin,True,0,0,-1
6975231d,0,False,False,-1.5,False,Spy,True,0,0,-1
e99f32f7,0,False,False,-1.0,True,Resistance,False,0,0,-1
e99f32f7,0,False,True,1.5,False,Assassin,False,0,0,-1
e99f32f7,0,False,False,-1.0,True,Merlin,False,0,0,-1
e99f32f7,0,False,True,1.5,False,Spy,False,0,0,-1
e99f32f7,0,False,False,-1.0,True,Resistance,False,0,0,-1
12af63e8,0,False,False,-1.0,True,Resistance,False,0,0,-1
12af63e8,0,False,False,-1.0,True,Merlin,False,0,0,-1
12af63e8,0,False,True,1.5,False,Spy,False,0,0,-1
12af63e8,0,False,False,-1.0,True,Resistance,False,0,0,-1
12af63e8,0,False,True,1.5,False,Assassin,False,0,0,-1
ca2f94f6,0,False,False,-1.0,True,Resistance,False,0,0,-1
ca2f94f6,0,False,False,-1.0,True,Merlin,False,0,0,-1
ca2f94f6,0,False,True,1.5,False,Spy,False,0,0,-1
ca2f94f6,0,False,True,1.5,False,Assassin,False,0,0,-1
ca2f94f6,0,False,False,-1.0,True,Resistance,False,0,0,-1
eadc671c,0,False,False,-1.0,True,Resistance,False,0,0,-1
eadc671c,0,False,True,1.5,False,Spy,False,0,0,-1
eadc671c,0,False,True,1.5,False,Assassin,False,0,0,-1
eadc671c,0,False,False,-1.0,True,Resistance,False,0,0,-1
eadc671c,0,False,False,-1.0,True,Merlin,False,0,0,-1
51cca10b,0,False,False,-1.0,True,Resistance,False,0,0,-1
51cca10b,0,False,True,1.5,False,Assassin,False,0,0,-1
51cca10b,0,False,True,1.5,False,Spy,False,0,0,-1
51cca10b,0,False,False,-1.0,True,Merlin,False,0,0,-1
51cca10b,0,False,False,-1.0,True,Resistance,False,0,0,-1
6e6e5299,0,False,True,1.5,False,Assassin,False,0,0,-1
6e6e5299,0,False,True,1.5,False,Spy,False,0,0,-1
6e6e5299,0,False,False,-1.0,True,Merlin,False,0,0,-1
6e6e5299,0,False,False,-1.0,True,Resistance,False,0,0,-1
6e6e5299,0,False,False,-1.0,True,Resistance,False,0,0,-1
bdc7dd35,0,False,False,-1.5,False,Spy,True,0,0,-1
bdc7dd35,0,False,False,-1.5,False,Assassin,True,0,0,-1
bdc7dd35,0,False,True,1.0,True,Merlin,True,0,0,-1
bdc7dd35,0,False,True,1.0,True,Resistance,True,0,0,-1
bdc7dd35,0,False,True,1.0,True,Resistance,True,0,0,-1
eb2f60de,0,False,False,-1.0,True,Merlin,False,0,0,-1
eb2f60de,0,False,True,1.5,False,Assassin,False,0,0,-1
eb2f60de,0,False,True,1.5,False,Spy,False,0,0,-1
eb2f60de,0,False,False,-1.0,True,Resistance,False,0,0,-1
eb2f60de,0,False,False,-1.0,True,Resistance,False,0,0,-1
b9d1ef31,0,False,True,1.5,False,Assassin,False,0,0,-1
b9d1ef31,0,False,False,-1.0,True,Resistance,False,0,0,-1
b9d1ef31,0,False,False,-1.0,True,Merlin,False,0,0,-1
b9d1ef31,0,False,True,1.5,False,Spy,False,0,0,-1
b9d1ef31,0,False,False,-1.0,True,Resistance,False,0,0,-1
a677ceea,0,False,False,-1.5,False,Spy,True,0,0,-1
a677ceea,0,False,True,1.0,True,Resistance,True,0,0,-1
a677ceea,0,False,True,1.0,True,Merlin,True,0,0,-1
a677ceea,0,False,False,-1.5,False,Assassin,True,0,0,-1
a677ceea,0,False,True,1.0,True,Resistance,True,0,0,-1
28ff87b8,0,False,False,-1.0,True,Merlin,False,0,0,-1
28ff87b8,0,False,True,1.5,False,Spy,False,0,0,-1
28ff87b8,0,False,True,1.5,False,Assassin,False,0,0,-1
28ff87b8,0,False,False,-1.0,True,Resistance,False,0,0,-1
28ff87b8,0,False,False,-1.0,True,Resistance,False,0,0,-1
95cc9ce7,0,False,True,1.0,True,Merlin,True,0,0,-1
95cc9ce7,0,False,False,-1.5,False,Assassin,True,0,0,-1
95cc9ce7,0,False,True,1.0,True,Resistance,True,0,0,-1
95cc9ce7,0,False,True,1.0,True,Resistance,True,0,0,-1
95cc9ce7,0,False,False,-1.5,False,Spy,True,0,0,-1
28457f45,0,False,True,1.5,False,Spy,False,0,0,-1
28457f45,0,False,False,-1.0,True,Resistance,False,0,0,-1
28457f45,0,False,True,1.5,False,Assassin,False,0,0,-1
28457f45,0,False,False,-1.0,True,Merlin,False,0,0,-1
28457f45,0,False,False,-1.0,True,Resistance,False,0,0,-1
e475a504,0,False,False,-1.0,True,Resistance,False,0,0,-1
e475a504,0,False,False,-1.0,True,Merlin,False,0,0,-1
e475a504,0,False,False,-1.0,True,Resistance,False,0,0,-1
e475a504,0,False,True,1.5,False,Spy,False,0,0,-1
e475a504,0,False,True,1.5,False,Assassin,False,0,0,-1
89883a57,0,False,True,1.5,False,Spy,False,0,0,-1
89883a57,0,False,False,-1.0,True,Merlin,False,0,0,-1
89883a57,0,False,False,-1.0,True,Resistance,False,0,0,-1
89883a57,0,False,True,1.5,False,Assassin,False,0,0,-1
89883a57,0,False,False,-1.0,True,Resistance,False,0,0,-1
2da81b52,0,False,False,-1.0,True,Resistance,False,0,0,-1
2da81b52,0,False,True,1.5,False,Spy,False,0,0,-1
2da81b52,0,False,False,-1.0,True,Resistance,False,0,0,-1
2da81b52,0,False,True,1.5,False,Assassin,False,0,0,-1
2da81b52,0,False,False,-1.0,True,Merlin,False,0,0,-1
9ba9a08f,0,False,True,1.5,False,Assassin,False,0,0,-1
9ba9a08f,0,False,False,-1.0,True,Resistance,False,0,0,-1
9ba9a08f,0,False,False,-1.0,True,Merlin,False,0,0,-1
9ba9a08f,0,False,True,1.5,False,Spy,False,0,0,-1
9ba9a08f,0,False,False,-1.0,True,Resistance,False,0,0,-1
15a5ba13,0,False,True,1.0,True,Resistance,True,0,0,-1
15a5ba13,0,False,True,1.0,True,Resistance,True,0,0,-1
15a5ba13,0,False,False,-1.5,False,Spy,True,0,0,-1
15a5ba13,0,False,True,1.0,True,Merlin,True,0,0,-1
15a5ba13,0,False,False,-1.5,False,Assassin,True,0,0,-1
864f8cce,0,False,True,1.0,True,Merlin,True,0,0,-1
864f8cce,0,False,True,1.0,True,Resistance,True,0,0,-1
864f8cce,0,False,False,-1.5,False,Spy,True,0,0,-1
864f8cce,0,False,False,-1.5,False,Assassin,True,0,0,-1
864f8cce,0,False,True,1.0,True,Resistance,True,0,0,-1
08506474,0,False,False,-1.0,True,Resistance,False,0,0,-1
08506474,0,False,False,-1.0,True,Resistance,False,0,0,-1
08506474,0,False,False,-1.0,True,Merlin,False,0,0,-1
08506474,0,False,True,1.5,False,Spy,False,0,0,-1
08506474,0,False,True,1.5,False,Assassin,False,0,0,-1
fd8a733b,0,False,False,-1.0,True,Resistance,False,0,0,-1
fd8a733b,0,False,True,1.5,False,Spy,False,0,0,-1
fd8a733b,0,False,False,-1.0,True,Resistance,False,0,0,-1
fd8a733b,0,False,True,1.5,False,Assassin,False,0,0,-1
fd8a733b,0,False,False,-1.0,True,Merlin,False,0,0,-1
60d51895,0,False,False,-1.0,True,Resistance,False,0,0,-1
60d51895,0,False,True,1.5,False,Assassin,False,0,0,-1
60d51895,0,False,True,1.5,False,Spy,False,0,0,-1
60d51895,0,False,False,-1.0,True,Resistance,False,0,0,-1
60d51895,0,False,False,-1.0,True,Merlin,False,0,0,-1
66f7c588,0,False,False,-1.0,True,Resistance,False,0,0,-1
66f7c588,0,False,False,-1.0,True,Resistance,False,0,0,-1
66f7c588,0,False,False,-1.0,True,Merlin,False,0,0,-1
66f7c588,0,False,True,1.5,False,Spy,False,0,0,-1
66f7c588,0,False,True,1.5,False,Assassin,False,0,0,-1
f05eb4ed,0,False,True,1.0,True,Merlin,True,0,0,-1
f05eb4ed,0,False,False,-1.5,False,Assassin,True,0,0,-1
f05eb4ed,0,False,True,1.0,True,Resistance,True,0,0,-1
f05eb4ed,0,False,True,1.0,True,Resistance,True,0,0,-1
f05eb4ed,0,False,False,-1.5,False,Spy,True,0,0,-1
a2dc0048,0,False,False,-1.0,True,Merlin,False,0,0,-1
a2dc0048,0,False,False,-1.0,True,Resistance,False,0,0,-1
a2dc0048,0,False,True,1.5,False,Spy,False,0,0,-1
a2dc0048,0,False,True,1.5,False,Assassin,False,0,0,-1
a2dc0048,0,False,False,-1.0,True,Resistance,False,0,0,-1
df3373ab,0,False,True,1.0,True,Resistance,True,0,0,-1
df3373ab,0,False,True,1.0,True,Merlin,True,0,0,-1
df3373ab,0,False,False,-1.5,False,Assassin,True,0,0,-1
df3373ab,0,False,False,-1.5,False,Spy,True,0,0,-1
df3373ab,0,False,True,1.0,True,Resistance,True,0,0,-1
c8d5fc67,0,False,False,-1.0,True,Resistance,False,0,0,-1
c8d5fc67,0,False,True,1.5,False,Assassin,False,0,0,-1
c8d5fc67,0,False,False,-1.0,True,Resistance,False,0,0,-1
c8d5fc67,0,False,False,-1.0,True,Merlin,False,0,0,-1
c8d5fc67,0,False,True,1.5,False,Spy,False,0,0,-1
1168bcea,0,False,True,1.0,True,Merlin,True,0,0,-1
1168bcea,0,False,True,1.0,True,Resistance,True,0,0,-1
1168bcea,0,False,False,-1.5,False,Assassin,True,0,0,-1
1168bcea,0,False,False,-1.5,False,Spy,True,0,0,-1
1168bcea,0,False,True,1.0,True,Resistance,True,0,0,-1
4c787676,0,False,False,-1.5,False,Assassin,True,0,0,-1
4c787676,0,False,True,1.0,True,Resistance,True,0,0,-1
4c787676,0,False,True,1.0,True,Merlin,True,0,0,-1
4c787676,0,False,False,-1.5,False,Spy,True,0,0,-1
4c787676,0,False,True,1.0,True,Resistance,True,0,0,-1
129a5a5b,0,False,False,-1.0,True,Merlin,False,0,0,-1
129a5a5b,0,False,False,-1.0,True,Resistance,False,0,0,-1
129a5a5b,0,False,True,1.5,False,Assassin,False,0,0,-1
129a5a5b,0,False,False,-1.0,True,Resistance,False,0,0,-1
129a5a5b,0,False,True,1.5,False,Spy,False,0,0,-1
605892ae,0,False,False,-1.5,False,Spy,True,0,0,-1
605892ae,0,False,True,1.0,True,Resistance,True,0,0,-1
605892ae,0,False,True,1.0,True,Merlin,True,0,0,-1
605892ae,0,False,False,-1.5,False,Assassin,True,0,0,-1
605892ae,0,False,True,1.0,True,Resistance,True,0,0,-1
9aadb724,0,False,True,1.0,True,Resistance,True,0,0,-1
9aadb724,0,False,False,-1.5,False,Assassin,True,0,0,-1
9aadb724,0,False,True,1.0,True,Resistance,True,0,0,-1
9aadb724,0,False,True,1.0,True,Merlin,True,0,0,-1
9aadb724,0,False,False,-1.5,False,Spy,True,0,0,-1
ee2147de,0,False,False,-1.0,True,Resistance,False,0,0,-1
ee2147de,0,False,True,1.5,False,Assassin,False,0,0,-1
ee2147de,0,False,False,-1.0,True,Merlin,False,0,0,-1
ee2147de,0,False,False,-1.0,True,Resistance,False,0,0,-1
ee2147de,0,False,True,1.5,False,Spy,False,0,0,-1
dccf7c6a,0,False,True,1.0,True,Merlin,True,0,0,-1
dccf7c6a,0,False,False,-1.5,False,Spy,True,0,0,-1
dccf7c6a,0,False,True,1.0,True,Resistance,True,0,0,-1
dccf7c6a,0,False,False,-1.5,False,Assassin,True,0,0,-1
dccf7c6a,0,False,True,1.0,True,Resistance,True,0,0,-1
0a87ec0b,0,False,True,1.5,False,Spy,False,0,0,-1
0a87ec0b,0,False,False,-1.0,True,Merlin,False,0,0,-1
0a87ec0b,0,False,True,1.5,False,Assassin,False,0,0,-1
0a87ec0b,0,False,False,-1.0,True,Resistance,False,0,0,-1
0a87ec0b,0,False,False,-1.0,True,Resistance,False,0,0,-1
35348d4c,0,False,True,1.0,True,Merlin,True,0,0,-1
35348d4c,0,False,False,-1.5,False,Spy,True,0,0,-1
35348d4c,0,False,True,1.0,True,Resistance,True,0,0,-1
35348d4c,0,False,True,1.0,True,Resistance,True,0,0,-1
35348d4c,0,False,False,-1.5,False,Assassin,True,0,0,-1
0dee64c4,0,False,False,-1.0,True,Merlin,False,0,0,-1
0dee64c4,0,False,False,-1.0,True,Resistance,False,0,0,-1
0dee64c4,0,False,False,-1.0,True,Resistance,False,0,0,-1
0dee64c4,0,False,True,1.5,False,Spy,False,0,0,-1
0dee64c4,0,False,True,1.5,False,Assassin,False,0,0,-1
7e261d83,0,False,True,1.5,False,Assassin,False,0,0,-1
7e261d83,0,False,False,-1.0,True,Resistance,False,0,0,-1
7e261d83,0,False,False,-1.0,True,Resistance,False,0,0,-1
7e261d83,0,False,False,-1.0,True,Merlin,False,0,0,-1
7e261d83,0,False,True,1.5,False,Spy,False,0,0,-1
86c54d80,0,False,False,-1.0,True,Resistance,False,0,0,-1
86c54d80,0,False,True,1.5,False,Spy,False,0,0,-1
86c54d80,0,False,False,-1.0,True,Merlin,False,0,0,-1
86c54d80,0,False,True,1.5,False,Assassin,False,0,0,-1
86c54d80,0,False,False,-1.0,True,Resistance,False,0,0,-1
2e10f525,0,False,False,-1.5,False,Assassin,True,0,0,-1
2e10f525,0,False,True,1.0,True,Resistance,True,0,0,-1
2e10f525,0,False,False,-1.5,False,Spy,True,0,0,-1
2e10f525,0,False,True,1.0,True,Merlin,True,0,0,-1
2e10f525,0,False,True,1.0,True,Resistance,True,0,0,-1
3da28f87,0,False,False,-1.0,True,Resistance,False,0,0,-1
3da28f87,0,False,False,-1.0,True,Merlin,False,0,0,-1
3da28f87,0,False,False,-1.0,True,Resistance,False,0,0,-1
3da28f87,0,False,True,1.5,False,Assassin,False,0,0,-1
3da28f87,0,False,True,1.5,False,Spy,False,0,0,-1
f24a79a3,0,False,True,1.5,False,Assassin,False,0,0,-1
f24a79a3,0,False,True,1.5,False,Spy,False,0,0,-1
f24a79a3,0,False,False,-1.0,True,Resistance,False,0,0,-1
f24a79a3,0,False,False,-1.0,True,Merlin,False,0,0,-1
f24a79a3,0,False,False,-1.0,True,Resistance,False,0,0,-1
18e786a2,0,False,True,1.0,True,Resistance,True,0,0,-1
18e786a2,0,False,False,-1.5,False,Assassin,True,0,0,-1
18e786a2,0,False,False,-1.5,False,Spy,True,0,0,-1
18e786a2,0,False,True,1.0,True,Merlin,True,0,0,-1
18e786a2,0,False,True,1.0,True,Resistance,True,0,0,-1
b482d3c9,0,False,True,1.5,False,Spy,False,0,0,-1
b482d3c9,0,False,False,-1.0,True,Resistance,False,0,0,-1
b482d3c9,0,False,False,-1.0,True,Resistance,False,0,0,-1
b482d3c9,0,False,False,-1.0,True,Merlin,False,0,0,-1
b482d3c9,0,False,True,1.5,False,Assassin,False,0,0,-1
0e899929,0,False,True,1.0,True,Merlin,True,0,0,-1
0e899929,0,False,True,1.0,True,Resistance,True,0,0,-1
0e899929,0,False,True,1.0,True,Resistance,True,0,0,-1
0e899929,0,False,False,-1.5,False,Spy,True,0,0,-1
0e899929,0,False,False,-1.5,False,Assassin,True,0,0,-1
14670de9,0,False,False,-1.5,False,Spy,True,0,0,-1
14670de9,0,False,True,1.0,True,Resistance,True,0,0,-1
14670de9,0,False,True,1.0,True,Resistance,True,0,0,-1
14670de9,0,False,False,-1.5,False,Assassin,True,0,0,-1
14670de9,0,False,True,1.0,True,Merlin,True,0,0,-1
8cd8a666,0,False,False,-1.5,False,Spy,True,0,0,-1
8cd8a666,0,False,True,1.0,True,Resistance,True,0,0,-1
8cd8a666,0,False,True,1.0,True,Resistance,True,0,0,-1
8cd8a666,0,False,False,-1.5,False,Assassin,True,0,0,-1
8cd8a666,0,False,True,1.0,True,Merlin,True,0,0,-1
900c1621,0,False,True,1.5,False,Assassin,False,0,0,-1
900c1621,0,False,False,-1.0,True,Resistance,False,0,0,-1
900c1621,0,False,False,-1.0,True,Merlin,False,0,0,-1
900c1621,0,False,False,-1.0,True,Resistance,False,0,0,-1
900c1621,0,False,True,1.5,False,Spy,False,0,0,-1
f48fa2e1,0,False,False,-1.0,True,Resistance,False,0,0,-1
f48fa2e1,0,False,False,-1.0,True,Merlin,False,0,0,-1
f48fa2e1,0,False,True,1.5,False,Spy,False,0,0,-1
f48fa2e1,0,False,True,1.5,False,Assassin,False,0,0,-1
f48fa2e1,0,False,False,-1.0,True,Resistance,False,0,0,-1
587d6692,0,False,True,1.0,True,Merlin,True,0,0,-1
587d6692,0,False,True,1.0,True,Resistance,True,0,0,-1
587d6692,0,False,True,1.0,True,Resistance,True,0,0,-1
587d6692,0,False,False,-1.5,False,Assassin,True,0,0,-1
587d6692,0,False,False,-1.5,False,Spy,True,0,0,-1
a574ac6a,0,False,True,1.5,False,Spy,False,0,0,-1
a574ac6a,0,False,False,-1.0,True,Merlin,False,0,0,-1
a574ac6a,0,False,False,-1.0,True,Resistance,False,0,0,-1
a574ac6a,0,False,True,1.5,False,Assassin,False,0,0,-1
a574ac6a,0,False,False,-1.0,True,Resistance,False,0,0,-1
584dd98e,0,False,False,-1.0,True,Resistance,False,0,0,-1
584dd98e,0,False,True,1.5,False,Assassin,False,0,0,-1
584dd98e,0,False,True,1.5,False,Spy,False,0,0,-1
584dd98e,0,False,False,-1.0,True,Merlin,False,0,0,-1
584dd98e,0,False,False,-1.0,True,Resistance,False,0,0,-1
12e3900d,0,False,False,-1.0,True,Merlin,False,0,0,-1
12e3900d,0,False,True,1.5,False,Spy,False,0,0,-1
12e3900d,0,False,False,-1.0,True,Resistance,False,0,0,-1
12e3900d,0,False,False,-1.0,True,Resistance,False,0,0,-1
12e3900d,0,False,True,1.5,False,Assassin,False,0,0,-1
b08440d1,0,False,False,-1.0,True,Resistance,False,0,0,-1
b08440d1,0,False,False,-1.0,True,Resistance,False,0,0,-1
b08440d1,0,False,True,1.5,False,Spy,False,0,0,-1
b08440d1,0,False,True,1.5,False,Assassin,False,0,0,-1
b08440d1,0,False,False,-1.0,True,Merlin,False,0,0,-1
a199460f,0,False,True,1.0,True,Resistance,True,0,0,-1
a199460f,0,False,True,1.0,True,Resistance,True,0,0,-1
a199460f,0,False,True,1.0,True,Merlin,True,0,0,-1
a199460f,0,False,False,-1.5,False,Assassin,True,0,0,-1
a199460f,0,False,False,-1.5,False,Spy,True,0,0,-1
d1152c08,0,False,True,1.5,False,Spy,False,0,0,-1
d1152c08,0,False,False,-1.0,True,Resistance,False,0,0,-1
d1152c08,0,False,True,1.5,False,Assassin,False,0,0,-1
d1152c08,0,False,False,-1.0,True,Merlin,False,0,0,-1
d1152c08,0,False,False,-1.0,True,Resistance,False,0,0,-1
d5bc8488,0,False,True,1.5,False,Assassin,False,0,0,-1
d5bc8488,0,False,False,-1.0,True,Merlin,False,0,0,-1
d5bc8488,0,False,False,-1.0,True,Resistance,False,0,0,-1
d5bc8488,0,False,False,-1.0,True,Resistance,False,0,0,-1
d5bc8488,0,False,True,1.5,False,Spy,False,0,0,-1
a6f7d383,0,False,False,-1.0,True,Resistance,False,0,0,-1
a6f7d383,0,False,False,-1.0,True,Merlin,False,0,0,-1
a6f7d383,0,False,True,1.5,False,Spy,False,0,0,-1
a6f7d383,0,False,False,-1.0,True,Resistance,False,0,0,-1
a6f7d383,0,False,True,1.5,False,Assassin,False,0,0,-1
1c479991,0,False,False,-1.5,False,Assassin,True,0,0,-1
1c479991,0,False,True,1.0,True,Resistance,True,0,0,-1
1c479991,0,False,True,1.0,True,Merlin,True,0,0,-1
1c479991,0,False,True,1.0,True,Resistance,True,0,0,-1
1c479991,0,False,False,-1.5,False,Spy,True,0,0,-1
6123bd2c,0,False,True,1.0,True,Resistance,True,0,0,-1
6123bd2c,0,False,True,1.0,True,Resistance,True,0,0,-1
6123bd2c,0,False,False,-1.5,False,Assassin,True,0,0,-1
6123bd2c,0,False,False,-1.5,False,Spy,True,0,0,-1
6123bd2c,0,False,True,1.0,True,Merlin,True,0,0,-1
3b1ce3c6,0,False,True,1.0,True,Resistance,True,0,0,-1
3b1ce3c6,0,False,True,1.0,True,Resistance,True,0,0,-1
3b1ce3c6,0,False,True,1.0,True,Merlin,True,0,0,-1
3b1ce3c6,0,False,False,-1.5,False,Spy,True,0,0,-1
3b1ce3c6,0,False,False,-1.5,False,Assassin,True,0,0,-1
44d87325,0,False,False,-1.0,True,Resistance,False,0,0,-1
44d87325,0,False,True,1.5,False,Spy,False,0,0,-1
44d87325,0,False,True,1.5,False,Assassin,False,0,0,-1
44d87325,0,False,False,-1.0,True,Resistance,False,0,0,-1
44d87325,0,False,False,-1.0,True,Merlin,False,0,0,-1
90d61727,0,False,False,-1.0,True,Resistance,False,0,0,-1
90d61727,0,False,True,1.5,False,Spy,False,0,0,-1
90d61727,0,False,False,-1.0,True,Resistance,False,0,0,-1
90d61727,0,False,True,1.5,False,Assassin,False,0,0,-1
90d61727,0,False,False,-1.0,True,Merlin,False,0,0,-1
469bd685,0,False,True,1.0,True,Merlin,True,0,0,-1
469bd685,0,False,False,-1.5,False,Assassin,True,0,0,-1
469bd685,0,False,True,1.0,True,Resistance,True,0,0,-1
469bd685,0,False,True,1.0,True,Resistance,True,0,0,-1
469bd685,0,False,False,-1.5,False,Spy,True,0,0,-1
ff1ceda5,0,False,False,-1.5,False,Assassin,True,0,0,-1
ff1ceda5,0,False,False,-1.5,False,Spy,True,0,0,-1
ff1ceda5,0,False,True,1.0,True,Resistance,True,0,0,-1
ff1ceda5,0,False,True,1.0,True,Resistance,True,0,0,-1
ff1ceda5,0,False,True,1.0,True,Merlin,True,0,0,-1
e097ff0c,0,False,False,-1.0,True,Merlin,False,0,0,-1
e097ff0c,0,False,False,-1.0,True,Resistance,False,0,0,-1
e097ff0c,0,False,False,-1.0,True,Resistance,False,0,0,-1
e097ff0c,0,False,True,1.5,False,Spy,False,0,0,-1
e097ff0c,0,False,True,1.5,False,Assassin,False,0,0,-1
